X,Y,fid,code,num_noeud,groupe,numero,statut,type_res,mode,x,y,z,no_civique,nom_rue,mslink,mapid,edl,guid,mslink_p,mapid_p,edl_p,guid_p,bfn,bfa,marque,modele,annee,psistat,psidyn,gpm,angle,icon_url
-71.742946352539,46.6737320279614,1,283,N-0035,,VD-289,Actif,Eau potable,Borne d'incendie,209702.3,5171209.91,45.1643,,"Notre-Dame, Rue",0,0,,,0,0,N-0035,,VD-289,ND-1,DAIGLE,D-67,1987,73,45,1130,27,./0.png
-71.7313738366556,46.6814968010895,2,27,N-0486,,VD-10,Actif,Eau potable,Borne d'incendie,210601.1983,5172059.0714,58.6734,,"Jacques-Cartier, Avenue",0,0,BF-0122,,0,0,N-0486,,VD-10,JC-7,CONCORD,D-67-M PREMIER,1998,0,0,0,93,./0.png
-71.6926219813655,46.6742732192322,3,237,N-0244,,VD-266,Actif,Eau potable,Borne d'incendie,213553.4835,5171210.5284,58.4231,,"Notre-Dame, Rue",0,0,BF-059,,0,0,N-0244,,VD-266,ND-26,CONCORD,D-67-M PREMIER,1974,59,18,600,342,./0.png
-71.7076505714038,46.6737899705013,4,244,N-0253,,VD-245,Actif,Eau potable,Borne d'incendie,212402.8469,5171174.3361,38.2238,,"Notre-Dame, Rue",0,0,BF-065,,0,0,N-0253,,VD-245,ND-18,CONCORD,D-67-M PREMIER,2007,66,36,1050,349,./0.png
-71.7393137966423,46.6712039567854,5,66,N-0968,,VD-285,Actif,Eau potable,Borne d'incendie,209975.8015,5170924.5302,35.888,,"Saint-Laurent, Boulevard",0,0,BF-0158,,0,0,N-0968,,VD-285,LA-3,CANADA VALVE,,1995,86,58,1280,19,./0.png
-71.7268298295289,46.6703359956931,6,135,N-0119,,VD-190,Actif,Eau potable,Borne d'incendie,210929.48,5170813.1,21.7978,,"Sainte-Anne, Avenue",0,0,BF-022,,0,0,N-0119,,VD-190,SA4_B,CONCORD,D-67-M PREMIER,2019,0,0,0,59,./0.png
-71.7273827865184,46.6761511646732,7,67,N-0980,,VD-84,Actif,Eau potable,Borne d'incendie,210897.2449,5171460.1265,43.4258,,"Gaudreau, Boulevard",0,0,BF-0159,,0,0,N-0980,,VD-84,GA-3,CONCORD,D-67,1998,77,42,1090,233,./0.png
-71.7402521935006,46.6761676280773,8,193,N-0191,,VD-46,Actif,Eau potable,Borne d'incendie,209912.6912,5171477.382,50,,"Côté, Avenue",0,0,BF-0273,,0,0,N-0191,,VD-46,CO-1,CONCORD,D-67-M PREMIER,2013,70,52,1210,238,./0.png
-71.7035759071161,46.6704791174567,9,260,N-0272,,VD-255,Actif,Eau potable,Borne d'incendie,212708.9714,5170801.5559,23.0727,,"Manoir, Avenue du",0,0,BF-08,,0,0,N-0272,,VD-255,MN-3,CANADA VALVE,,0,88,11,550,239,./0.png
-71.7277063521973,46.671037872602,10,124,N-0106,,VD-189,Actif,Eau potable,Borne d'incendie,210863.63,5170892.16,23.737,,"Sainte-Anne, Avenue",0,0,BF-021,,0,0,N-0106,,VD-189,SA3_B,CONCORD,D-67-M PREMIER,2021,0,0,0,60,./0.png
-71.7291005171138,46.6721456020645,11,113,N-0092,,VD-188,Actif,Eau potable,Borne d'incendie,210758.88,5171016.95,26.086,,"Sainte-Anne, Avenue",0,0,BF-020,,0,0,N-0092,,VD-188,SA2_B,CONCORD,D-67-M PREMIER,2019,0,0,0,59,./0.png
-71.7316412509268,46.6843377879099,12,75,N-0004,,VD-1,Actif,Eau potable,Borne d'incendie,210585.681,5172375.173,70,,"l'Aqueduc, Chemin de",0,0,BF-0166,,0,0,N-0004,,VD-1,UF-1,CONCORD,D-67-M PREMIER,1994,40,30,1200,238,./0.png
-71.7072604390826,46.6706565518008,13,227,N-0232,,VD-251,Actif,Eau potable,Borne d'incendie,212427.3565,5170825.5928,22.2804,,"Dussault, Rue",0,0,BF-05,,0,0,N-0232,,VD-251,DU-1,CANADA VALVE,CENTURY,0,0,0,0,309,./0.png
-71.738490504751,46.6721282739836,14,64,N-0942,,VD-291,Actif,Eau potable,Borne d'incendie,210040.4094,5171026.2789,42.0493,,"Saint-Jacques, Avenue",0,0,BF-0156,,0,0,N-0942,,VD-291,JA-3,CONCORD,D-67-M PREMIER,1997,91,53,1275,56,./0.png
-71.7326289293962,46.6794804907478,15,4,N-0240,,VD-20,Actif,Eau potable,Borne d'incendie,210501.6778,5171836.4565,50.2514,,"Parc, Avenue du",0,0,BF-0101,,0,0,N-0240,,VD-20,PC-1,LUDLOW,,1963,74,18,710,304,./0.png
-71.7026419078602,46.6754778197502,16,1,N-0204,,VD-261,Actif,Eau potable,Borne d'incendie,212788.92,5171356.08,58.9678,,"Sauvageau, Rue",0,0,BF-01,,0,0,N-0204,,VD-261,SU-1,CONCORD,D-67-M PREMIER,2020,58,34,950,58,./0.png
-71.7036898973689,46.6738545571618,17,246,N-0255,,VD-258,Actif,Eau potable,Borne d'incendie,212705.984,5171176.876,50.8974,,"Notre-Dame, Rue",0,0,BF-067,,0,0,N-0255,,VD-258,ND-20,CANADA VALVE,,2013,58,26,900,2,./0.png
-71.7365111771513,46.6760759397305,18,311,N-0245,,VD-36,Actif,Eau potable,Borne d'incendie,210198.74,5171462.69,50,,"Leclerc, Avenue",0,0,,,0,0,N-0245,,VD-36,AD-09,CONCORD,D-67-M PREMIER,2017,66,48,1200,240,./0.png
-71.737655799795,46.6769061039994,19,309,N-0223,,VD-37,Actif,Eau potable,Borne d'incendie,210112.62,5171556.34,50,,"Leclerc, Avenue",0,0,,,0,0,N-0223,,VD-37,AD-08,CONCORD,D-67-M PREMIER,2017,72,52,1150,243,./0.png
-71.738948741084,46.675220564865,20,195,N-0194,,VD-48,Actif,Eau potable,Borne d'incendie,210010.7565,5171370.5444,50,,"Côté, Avenue",0,0,BF-0275,,0,0,N-0194,,VD-48,CO-3,CONCORD,D-67-M PREMIER,2013,66,48,1160,237,./0.png
-71.7039390312937,46.6764773849037,21,357,"2036",,VD-296,Actif,Eau potable,Borne d'incendie,212691.38,5171468.7,62.6,,"Sauvageau, Rue",0,0,,,0,0,,,VD-296,NEW,,,2021,0,0,0,59,./0.png
-71.7059712879015,46.6739311066287,22,245,N-0254,,VD-257,Actif,Eau potable,Borne d'incendie,212531.5675,5171188.0549,50,,"Notre-Dame, Rue",0,0,BF-066,,0,0,N-0254,,VD-257,ND-19,CANADA VALVE,,1971,0,0,0,180,./0.png
-71.7013706636493,46.6744996500655,23,112,N-0091,,VD-260,Actif,Eau potable,Borne d'incendie,212884.52,5171245.87,54.1144,,"Sauvageau, Rue",0,0,BF-02,,0,0,N-0091,,VD-260,SU-2,CONCORD,D-67-M PREMIER,2020,0,0,0,56,./0.png
-71.7363327561655,46.684829578637,24,162,N-0151,,VD-2,Actif,Eau potable,Borne d'incendie,210227.6668,5172435.4606,57.7305,,"Écureuils, Boulevard des",0,0,BF-0244,,0,0,N-0151,,VD-2,BE-4,CONCORD,D-67-M PREMIER,2009,63,46,1100,215,./0.png
-71.6894781641604,46.6751181446282,25,235,N-0242,,VD-268,Actif,Eau potable,Borne d'incendie,213795.4304,5171300.806,63.2311,,"Notre-Dame, Rue",0,0,BF-057,,0,0,N-0242,,VD-268,ND-28,CONCORD,D-67-M PREMIER,1974,50,12,550,324,./0.png
-71.726218823296,46.6698214569057,26,356,"2035",,VD-191,Actif,Eau potable,Borne d'incendie,210975.34,5170755.18,20.2,,"Sainte-Anne, Avenue",0,0,,,0,0,,,VD-191,Neuve,CONCORD,D-67-M PREMIER,2019,78,46,1150,129,./0.png
-71.7268653445936,46.6748333892761,27,257,N-0269,,VD-196,Actif,Eau potable,Borne d'incendie,210934.5502,5171313.0363,30.2777,,"Notre-Dame, Rue",0,0,BF-077,,0,0,N-0269,,VD-196,ND-8,CONCORD,D-67-M PREMIER,1995,0,0,0,175,./0.png
-71.6909980211546,46.6746986349094,28,236,N-0243,,VD-267,Actif,Eau potable,Borne d'incendie,213678.4452,5171255.934,60.1139,,"Notre-Dame, Rue",0,0,BF-058,,0,0,N-0243,,VD-267,ND-27,CONCORD,D-67-M PREMIER,1974,55,16,550,329,./0.png
-71.6738329534814,46.6788412266941,29,225,N-0230,,VD-279,Actif,Eau potable,Borne d'incendie,214998.5704,5171696.6749,54.8276,,Route 138,0,0,BF-048,,0,0,N-0230,,VD-279,138-18,DAIGLE,D-67,1974,60,7,520,307,./0.png
-71.7211987140442,46.6763817373265,30,38,N-0621,,VD-142,Actif,Eau potable,Borne d'incendie,211370.759,5171478.4,45.7358,,"Frenette, Rue",0,0,BF-0132,,0,0,N-0621,,VD-142,FR-1,DAIGLE,D-67,1984,75,46,1140,60,./0.png
-71.7225110711521,46.6817156144846,31,214,N-0217,,VD-175,Actif,Eau potable,Borne d'incendie,211279.5609,5172072.8292,65.8714,,Route 138,0,0,BF-038,,0,0,N-0217,,VD-175,138-5,MUELLER,,1988,51,44,1050,19,./0.png
-71.7190086043248,46.6785044840202,32,80,N-0064,,VD-128,Actif,Eau potable,Borne d'incendie,211541.9666,5171711.7517,58.4949,,"Rhéaume, Avenue",0,0,BF-0170,,0,0,N-0064,,VD-128,RH-2,Daigle,D-67,1976,0,0,0,157,./0.png
-71.6862385651647,46.6760383106217,33,233,N-0239,,VD-272,Actif,Eau potable,Borne d'incendie,214044.8237,5171399.346,68.9819,,Route 138,0,0,BF-055,,0,0,N-0239,,VD-272,138-11,DAIGLE,D-67-M,1988,40,5,450,332,./0.png
-71.7234069887011,46.6828428129776,34,100,N-1044,,VD-165,Actif,Eau potable,Borne d'incendie,211212.9718,5172199.1841,68.5813,,"Commerciale, Rue",0,0,BF-0189,,0,0,N-1044,,VD-165,CM-6,CONCORD,D-67-M PREMIER,2004,48,42,1050,239,./0.png
-71.704892150668,46.6697801979703,35,238,N-0246,,VD-253,Actif,Eau potable,Borne d'incendie,212607.0722,5170725.4095,21.0478,,"Dussault, Rue",0,0,BF-06,,0,0,N-0246,,VD-253,DU-3,CANADA VALVE,CENTURY,1988,90,11,550,154,./0.png
-71.7395651648798,46.6756690804443,36,194,N-0193,,VD-47,Actif,Eau potable,Borne d'incendie,209964.3805,5171421.1399,50,,"Côté, Avenue",0,0,BF-0274,,0,0,N-0193,,VD-47,CO-2,CONCORD,D-67-M PREMIER,2013,62,50,1150,237,./0.png
-71.7352370749242,46.6751604337618,37,267,N-0280,,VD-73,Actif,Eau potable,Borne d'incendie,210294.62,5171359.4,50,,"Leclerc, Avenue",0,0,BF-086,,0,0,N-0280,,VD-73,LE-2,CONCORD,D-67-M PREMIER,2017,0,0,0,239,./0.png
-71.7290292877193,46.6801273624961,38,72,N-1041,,PR-5,Actif,Eau potable,Borne d'incendie,210778.1761,5171904.0535,56.4474,,"l'Église, Rue de",0,0,BF-0163,,0,0,N-1041,,PR-5,Privé-5,OTTR,,1965,68,17,690,228,./0.png
-71.7291845831949,46.672578036504,39,352,N-0203,,VD-295,Actif,Eau potable,Borne d'incendie,210753.1982,5171065.1163,27.2588,,"Boivin, Rue",0,0,,,0,0,N-0203,,VD-295,BO-1,CANADA VALVE,,1998,80,23,805,127,./0.png
-71.7048679411725,46.6714287982799,40,271,N-0283,,VD-254,Actif,Eau potable,Borne d'incendie,212611.728,5170908.6263,25.2272,,"Manoir, Avenue du",0,0,BF-09,,0,0,N-0283,,VD-254,MN-2,DAIGLE,D-67,1978,78,7,550,304,./0.png
-71.7328708791997,46.6753899099192,41,268,N-0281,,VD-77,Actif,Eau potable,Borne d'incendie,210476.05,5171382.07,46.4321,,"Saint-Joseph, Avenue",0,0,BF-087,,0,0,N-0281,,VD-77,JU-2,CONCORD,D-67-M PREMIER,2016,0,0,0,237,./0.png
-71.7238924075207,46.6727853098499,42,171,N-0162,,VD-215,Actif,Eau potable,Borne d'incendie,211158.4644,5171081.8492,26.0576,,"Verreault, Rue",0,0,BF-0252,,0,0,N-0162,,VD-215,VE-2,CONCORD,D-67-M PREMIER,2009,78,50,1200,58,./0.png
-71.7321561528372,46.6809568234969,43,281,N-0295,,VD-12,Actif,Eau potable,Borne d'incendie,210540.4134,5171999.9879,55.6852,,"Mathieu, Avenue",0,0,BF-099,,0,0,N-0295,,VD-12,MH-4,LUDLOW,,1962,68,24,800,59,./0.png
-71.7149646169897,46.6782501238719,44,45,N-0708,,VD-114,Actif,Eau potable,Borne d'incendie,211850.905,5171678.698,60.671,,"Terrasse, Rue de la",0,0,BF-0139,,0,0,N-0708,,VD-114,TR-3,CANADA VALVE,,1980,56,38,1040,307,./0.png
-71.7052344467315,46.6768571717041,45,335,N-0711,,VD-101,Actif,Eau potable,Borne d'incendie,212592.92,5171512.43,63.898,,"Cantin, Avenue",0,0,,,0,0,N-0711,,VD-101,AD-21,CONCORD,D-67-M PREMIER,2017,51,31,900,57,./0.png
-71.7223138789711,46.6740944477357,46,68,N-0992,,VD-199,Actif,Eau potable,Borne d'incendie,211281.4968,5171225.4868,29.5984,,"Marcoux, Avenue",0,0,BF-016,,0,0,N-0992,,VD-199,MX-1,DAIGLE,D-67,1974,0,0,0,60,./0.png
-71.7303573374555,46.6731481805783,47,101,N-1055,,VD-187,Actif,Eau potable,Borne d'incendie,210664.46,5171129.89,29.3587,,"Sainte-Anne, Avenue",0,0,BF-019,,0,0,N-1055,,VD-187,SA1_B,CONCORD,D-67-M PREMIER,2019,74,50,1150,59,./0.png
-71.7186699341831,46.6805212875499,48,132,N-0115,,VD-178,Actif,Eau potable,Borne d'incendie,211571.345,5171935.5226,64.9313,,Route 138,0,0,BF-0217,,0,0,N-0115,,VD-178,AD-28,CONCORD,D-67-M,2007,0,0,0,200,./0.png
-71.7424706136831,46.6750224010283,49,150,N-0137,,VD-54,Actif,Eau potable,Borne d'incendie,209740.9612,5171352.7631,49.8548,,"Saint-Jacques, Avenue",0,0,BF-0233,,0,0,N-0137,,VD-54,JA-1,CONCORD,D-67-M PREMIER,2007,67,45,1130,237,./0.png
-71.741244716151,46.6741289623696,50,151,N-0138,,VD-55,Actif,Eau potable,Borne d'incendie,209833.186,5171251.9767,50,,"Saint-Jacques, Avenue",0,0,BF-0234,,0,0,N-0138,,VD-55,JA-4,CONCORD,D-67-M PREMIER,2007,0,0,0,238,./0.png
-71.7227116799869,46.6728995389895,51,183,N-0176,,VD-210,Actif,Eau potable,Borne d'incendie,211248.9995,5171093.1428,27.3724,,"Huot, Rue",0,0,BF-0263,,0,0,N-0176,,VD-210,HO-3,CANADA VALVE,CENTURY,2010,0,0,0,59,./0.png
-71.732570170176,46.6737883196478,52,261,N-0273,,VD-192,Actif,Eau potable,Borne d'incendie,210496.27,5171203.69,37.2428,,"Notre-Dame, Rue",0,0,BF-080,,0,0,N-0273,,VD-192,ND-5,CONCORD,D-67-M PREMIER,2002,0,0,0,324,./0.png
-71.7207055516844,46.6728003909326,53,57,N-0857,,VD-200,Actif,Eau potable,Borne d'incendie,211402.3181,5171079.7413,26.6224,,"Marcoux, Avenue",0,0,BF-015,,0,0,N-0857,,VD-200,MX-2,DAIGLE,D-67,1974,0,0,0,58,./0.png
-71.7244528884025,46.6709441742804,54,287,N-0044,,VD-205,Actif,Eau potable,Borne d'incendie,211112.4,5170877.87,17.3899,,"Godin, Avenue",0,0,,,0,0,N-0044,,VD-205,GO-4,CONCORD,D-67-M PREMIER,1998,81,54,1200,240,./0.png
-71.7371166166282,46.6729678215675,55,275,N-0287,,VD-63,Actif,Eau potable,Borne d'incendie,210146.9933,5171117.9441,44.991,,"Notre-Dame, Rue",0,0,BF-093,,0,0,N-0287,,VD-63,ND-3,CONCORD,D-67-M PREMIER,2010,0,0,0,175,./0.png
-71.7042184247869,46.6754684353472,56,345,N-0922,,VD-99,Actif,Eau potable,Borne d'incendie,212668.29,5171356.88,57.0563,,"Richard, Rue",0,0,,,0,0,N-0922,,VD-99,AD-26,CONCORD,D-67-M PREMIER,2017,60,36,1030,307,./0.png
-71.7090258013247,46.6716533900974,57,13,N-0315,,VD-249,Actif,Eau potable,Borne d'incendie,212293.9835,5170938.4653,24.0703,,"Huard, Rue",0,0,BF-011,,0,0,N-0315,,VD-249,HU-2,LUDLOW,,1966,78,6,600,141,./0.png
-71.6750200368989,46.6782748478246,58,226,N-0231,,VD-278,Actif,Eau potable,Borne d'incendie,214906.8168,5171635.075,54.9261,,Route 138,0,0,BF-049,,0,0,N-0231,,VD-278,138-17,DAIGLE,D-67,1974,57,8,500,318,./0.png
-71.7131107419443,46.6827633844812,59,353,"2030",,VD-148,Actif,Eau potable,Borne d'incendie,212000.46,5172178.17,70.6,,"Piché, Rue",0,0,,,0,0,,,VD-148,New,CONCORD,D-67-M PREMIER,2018,0,0,0,128,./0.png
-71.735794815655,46.6773166758015,60,305,N-0167,,VD-32,Actif,Eau potable,Borne d'incendie,210255.71,5171599.74,50,,"Saint-Joseph, Avenue",0,0,,,0,0,N-0167,,VD-32,AD-06,CONCORD,D-67-M PREMIER,2017,0,0,0,235,./0.png
-71.7165145247435,46.6778019781734,61,78,N-0040,,VD-131,Actif,Eau potable,Borne d'incendie,211731.5633,5171630.7162,58.5168,,"Lord, Avenue",0,0,BF-0169,,0,0,N-0040,,VD-131,LO1_B,SENTINEL,,1966,0,0,0,64,./0.png
-71.7170676550919,46.6739465335631,62,252,N-0262,,VD-226,Actif,Eau potable,Borne d'incendie,211682.6239,5171202.8296,29.6402,,"Notre-Dame, Rue",0,0,BF-072,,0,0,N-0262,,VD-226,ND-13,DAIGLE,,1978,0,0,0,190,./0.png
-71.7428973906973,46.6743136888477,63,118,N-0098,,VD-57,Actif,Eau potable,Borne d'incendie,209707.0664,5171274.5036,50,,"Jacques-Cartier, Avenue",0,0,BF-0204,,0,0,N-0098,,VD-57,JC-13,CONCORD,D-67-M PREMIER,2004,68,48,1180,57,./0.png
-71.725618382206,46.6844273556883,64,184,N-0180,,VD-168,Actif,Eau potable,Borne d'incendie,211046.55,5172377.94,73.3848,,"Commerciale, Rue",0,0,BF-0265,,0,0,N-0180,,VD-168,CM-3,CONCORD,D-67-M PREMIER,2003,38,32,950,125,./0.png
-71.7018301435228,46.6737697114013,65,243,N-0251,,VD-259,Actif,Eau potable,Borne d'incendie,212848.1279,5171165.2722,44.2166,,"Notre-Dame, Rue",0,0,BF-064,,0,0,N-0251,,VD-259,ND-21,LUDLOW,,0,0,0,0,7,./0.png
-71.7199657293745,46.6782420759485,66,50,N-0770,,VD-127,Actif,Eau potable,Borne d'incendie,211468.2924,5171683.7184,55.5946,,"Rhéaume, Avenue",0,0,BF-0143,,0,0,N-0770,,VD-127,RH-1,Daigle,D-67,1974,60,48,1075,130,./0.png
-71.7438843257183,46.6750357334936,67,117,N-0097,,VD-56,Actif,Eau potable,Borne d'incendie,209632.8254,5171355.9524,50,,"Jacques-Cartier, Avenue",0,0,BF-0203,,0,0,N-0097,,VD-56,JC-12,CONCORD,D-67-M PREMIER,2004,0,0,0,57,./0.png
-71.732855360653,46.679966579264,68,5,N-0252,,VD-19,Actif,Eau potable,Borne d'incendie,210485.2015,5171890.7574,51.7635,,"Parc, Avenue du",0,0,BF-0102,,0,0,N-0252,,VD-19,PC-2,LUDLOW,,1963,74,19,730,126,./0.png
-71.7395230747565,46.6773491297253,69,299,N-0087,,VD-40,Actif,Eau potable,Borne d'incendie,209970.54,5171607.83,50,,"Fiset, Avenue",0,0,,,0,0,N-0087,,VD-40,AD-02,CONCORD,D-67-M PREMIER,2017,74,57,1265,233,./0.png
-71.7072509985506,46.6722323600397,70,2,N-0216,,VD-248,Actif,Eau potable,Borne d'incendie,212430.7638,5171000.7359,27.3039,,"Huard, Rue",0,0,BF-010,,0,0,N-0216,,VD-248,HU-3,LUDLOW,,1966,78,9,600,144,./0.png
-71.7269063538922,46.6838500946034,71,53,N-0807,,VD-171,Actif,Eau potable,Borne d'incendie,210947.0281,5172315.3105,70,,"Commerciale, Rue",0,0,BF-0146,,0,0,N-0807,,VD-171,CT-1,CONCORD,D-67-M PREMIER,1999,47,34,990,14,./0.png
-71.7402184322563,46.6769408099256,72,33,N-0561,,VD-44,Actif,Eau potable,Borne d'incendie,209915.2287,5171558.7069,50,,"Kernan, Avenue",0,0,BF-0128,,0,0,N-0561,,VD-44,KE-1,CONCORD,D-67-M PREMIER,2013,66,46,1200,306,./0.png
-71.7295640083,46.6808641938261,73,17,N-0363,,VD-9,Actif,Eau potable,Borne d'incendie,210738.5488,5171986.5924,58.6245,,"l'Église, Rue de",0,0,BF-0113,,0,0,N-0363,,VD-9,EG-6,CONCORD,D-67-M PREMIER,2010,63,33,990,289,./0.png
-71.7310111784341,46.6800394018729,74,3,N-0228,,VD-11,Actif,Eau potable,Borne d'incendie,210626.4085,5171896.6447,53.8714,,"Mathieu, Avenue",0,0,BF-0100,,0,0,N-0228,,VD-11,MH-5,LUDLOW,,1963,0,0,0,58,./0.png
-71.7220728227916,46.6716154323372,75,166,N-0157,,VD-218,Actif,Eau potable,Borne d'incendie,211295.6638,5170949.6532,24.601,,"Boisvert, Rue",0,0,BF-0248,,0,0,N-0157,,VD-218,BO-2,CONCORD,D-67-M PREMIER,2009,80,54,1200,21,./0.png
-71.7126748086904,46.6830278296139,76,354,"2031",,VD-147,Actif,Eau potable,Borne d'incendie,212034.26,5172207.05,70.4024,,"Piché, Rue",0,0,,,0,0,,,VD-147,New,CONCORD,D-67-M PREMIER,2018,40,32,950,134,./0.png
-71.7249059615845,46.6747939033717,77,256,N-0268,,VD-197,Actif,Eau potable,Borne d'incendie,211084.3895,5171306.3139,34.1164,,"Notre-Dame, Rue",0,0,BF-076,,0,0,N-0268,,VD-197,ND-9,CONCORD,D-67-M PREMIER,1992,62,42,1000,181,./0.png
-71.711268356756,46.6725774366186,78,186,N-0182,,VD-239,Actif,Eau potable,Borne d'incendie,212123.9807,5171043.8113,25.7705,,"Drolet, Rue",0,0,BF-0267,,0,0,N-0182,,VD-239,DO-5,CONCORD,D-67-M PREMIER,2012,81,46,1140,146,./0.png
-71.7182628950057,46.6730606618321,79,142,N-0127,,VD-221,Actif,Eau potable,Borne d'incendie,211589.6543,5171105.7771,27.3716,,"Patterson, Rue",0,0,BF-0226,,0,0,N-0127,,VD-221,PA-3,CONCORD,D-67-M PREMIER,2008,0,0,0,61,./0.png
-71.677552283455,46.6776305281766,80,228,N-0233,,VD-277,Actif,Eau potable,Borne d'incendie,214712.022,5171566.3511,59.485,,Route 138,0,0,BF-050,,0,0,N-0233,,VD-277,138-16,DAIGLE,D-67,1974,52,6,450,342,./0.png
-71.7149161985081,46.6771960781122,81,123,N-0104,,VD-113,Actif,Eau potable,Borne d'incendie,211852.8016,5171561.4815,57.2957,,"Belleau, Rue",0,0,BF-0209,,0,0,N-0104,,VD-113,BL2_B,DROLET 500,,1989,65,40,1060,310,./0.png
-71.7053869985197,46.6760583684431,82,343,N-0900,,VD-98,Actif,Eau potable,Borne d'incendie,212579.89,5171423.82,58.5937,,"Giroux, Rue",0,0,,,0,0,N-0900,,VD-98,AD-25,CONCORD,D-67-M PREMIER,2017,58,36,1000,312,./0.png
-71.7252829244896,46.6720862284705,83,62,N-0918,,VD-204,Actif,Eau potable,Borne d'incendie,211050.8664,5171005.7992,25.6347,,"Godin, Avenue",0,0,BF-0154,,0,0,N-0918,,VD-204,GO-3,CONCORD,D-67-M PREMIER,1998,0,0,0,60,./0.png
-71.7172705975741,46.6728831194832,84,145,N-0131,,VD-223,Actif,Eau potable,Borne d'incendie,211665.27,5171084.869,27.351,,"Trépanier, Rue",0,0,BF-0229,,0,0,N-0131,,VD-223,TP-2,CONCORD,D-67-M PREMIER,2008,81,56,1200,131,./0.png
-71.738293094167,46.6737535686659,85,181,N-0174,,VD-64,Actif,Eau potable,Borne d'incendie,210058.3541,5171206.696,50,,"Pleau, Avenue",0,0,BF-0261,,0,0,N-0174,,VD-64,PL1_A,CONCORD,D-67-M PREMIER,2011,70,40,1150,57,./0.png
-71.7351691661702,46.6793845711015,86,18,N-0375,,VD-24,Actif,Eau potable,Borne d'incendie,210307.18,5171828.8398,50,,"Couture, Avenue",0,0,BF-0114,,0,0,N-0375,,VD-24,COU-1,CANADA VALVE,,1997,72,25,840,237,./0.png
-71.7067013554939,46.6729147696743,87,24,N-0450,,VD-247,Actif,Eau potable,Borne d'incendie,212473.9799,5171075.9426,29.0151,,"Manoir, Avenue du",0,0,BF-012,,0,0,N-0450,,VD-247,MN-1,CONCORD,D-67-M PREMIER,2013,80,18,710,242,./0.png
-71.736974924224,46.6800503424208,88,25,N-0462,,VD-26,Actif,Eau potable,Borne d'incendie,210170.2,5171905.01,50,,"Royer, Rue",0,0,BF-0120,,0,0,N-0462,,VD-26,RY-2,CONCORD,D-67-M PREMIER,2023,71,47,1160,126,./0.png
-71.7238633868645,46.6719470932471,89,165,N-0155,,VD-217,Actif,Eau potable,Borne d'incendie,211159.2369,5170988.6453,23.4441,,"Boisvert, Rue",0,0,BF-0247,,0,0,N-0155,,VD-217,BO-1,CONCORD,D-67-M PREMIER,2009,81,47,1150,26,./0.png
-71.681524987814,46.6771444412161,90,230,N-0236,,VD-275,Actif,Eau potable,Borne d'incendie,214407.2849,5171516.8737,65.2918,,Route 138,0,0,BF-052,,0,0,N-0236,,VD-275,138-14,DAIGLE,D-67,1974,45,6,450,345,./0.png
-71.739635131067,46.6729784599267,91,277,N-0291,,VD-58,Actif,Eau potable,Borne d'incendie,209954.32,5171122.1565,45.8002,,"Saint-Jacques, Avenue",0,0,BF-095,,0,0,N-0291,,VD-58,JA-2,CONCORD,D-67-M PREMIER,2007,0,0,0,254,./0.png
-71.6964205463444,46.6739287109025,92,241,N-0249,,VD-264,Actif,Eau potable,Borne d'incendie,213262.2797,5171176.6436,55.1136,,"Notre-Dame, Rue",0,0,BF-062,,0,0,N-0249,,VD-264,ND-24,CONCORD,D-67-M PREMIER,1993,0,0,0,351,./0.png
-71.7374394376529,46.6721031118415,93,76,N-0016,,VD-61,Actif,Eau potable,Borne d'incendie,210120.784,5171022.218,40,,"Sainte-Agnès, Avenue",0,0,BF-0167,,0,0,N-0016,,VD-61,AG_3B,CONCORD,D-67-M PREMIER,2002,0,0,0,62,./0.png
-71.7141008057165,46.6748387980513,94,52,N-0795,,VD-91,Actif,Eau potable,Borne d'incendie,211911.143,5171298.503,47.1626,,"Gaudreau, Boulevard",0,0,BF-0145,,0,0,N-0795,,VD-91,GA-10,DAIGLE,D-67,1974,75,38,1040,6,./0.png
-71.7205275403041,46.674199141643,95,254,N-0265,,VD-224,Actif,Eau potable,Borne d'incendie,211418.3474,5171235.0041,29.3895,,"Notre-Dame, Rue",0,0,BF-074,,0,0,N-0265,,VD-224,ND-11,CONCORD,D-67-M PREMIER,2009,0,0,0,200,./0.png
-71.7338789062133,46.6761770501552,96,319,N-0378,,VD-76,Actif,Eau potable,Borne d'incendie,210400.3,5171470.77,50,,"Saint-Joseph, Avenue",0,0,,,0,0,N-0378,,VD-76,AD-13,CONCORD,D-67-M PREMIER,2017,0,0,0,242,./0.png
-71.7235830134772,46.6818965186675,97,215,N-0218,,VD-174,Actif,Eau potable,Borne d'incendie,211197.8721,5172094.2107,66.3852,,Route 138,0,0,BF-039,,0,0,N-0218,,VD-174,138-4,MUELLER,,1999,0,0,0,18,./0.png
-71.734650218057,46.6756891159647,98,315,N-0312,,VD-74,Actif,Eau potable,Borne d'incendie,210340.44,5171417.46,50,,"Sainte-Marie, Avenue",0,0,,,0,0,N-0312,,VD-74,AD-11,CONCORD,D-67-M PREMIER,2017,0,0,0,239,./0.png
-71.7133891757021,46.6752673381791,99,122,N-0103,,VD-136,Actif,Eau potable,Borne d'incendie,211966.322,5171345.297,50.9018,,"Lord, Avenue",0,0,BF-0208,,0,0,N-0103,,VD-136,LO-3,CANADA VALVE,,0,0,0,0,61,./0.png
-71.7137237105261,46.6779642622311,100,56,N-0843,,VD-112,Actif,Eau potable,Borne d'incendie,211945.348,5171645.46,60.5361,,"Belleau, Rue",0,0,BF-0149,,0,0,N-0843,,VD-112,BL1_B,CANADA VALVE,,0,52,33,950,111,./0.png
-71.7343300184205,46.6744795466761,101,313,N-0278,,VD-72,Actif,Eau potable,Borne d'incendie,210362.83,5171282.63,49.6438,,"Leclerc, Avenue",0,0,,,0,0,N-0278,,VD-72,AD-10,CONCORD,D-67-M PREMIER,2017,0,0,0,236,./0.png
-71.7067228299686,46.6756408761846,102,341,N-0889,,VD-97,Actif,Eau potable,Borne d'incendie,212476.98,5171378.98,54.3638,,"Giroux, Rue",0,0,,,0,0,N-0889,,VD-97,AD-24,CONCORD,D-67-M PREMIER,2017,0,0,0,55,./0.png
-71.712240156827,46.672698916306,103,187,N-0183,,VD-234,Actif,Eau potable,Borne d'incendie,212049.8354,5171058.458,24.5336,,"Savard, Rue",0,0,BF-0268,,0,0,N-0183,,VD-234,SA3_A,CONCORD,D-67-M PREMIER,2011,80,51,1190,48,./0.png
-71.715463787018,46.6738297608751,104,251,N-0261,,VD-227,Actif,Eau potable,Borne d'incendie,211805.1336,5171187.955,31.4299,,"Notre-Dame, Rue",0,0,BF-071,,0,0,N-0261,,VD-227,ND-14,CONCORD,D-67-M PREMIER,2008,0,0,0,185,./0.png
-71.6830685908775,46.6768763661953,105,231,N-0237,,VD-274,Actif,Eau potable,Borne d'incendie,214288.7449,5171488.8495,67.9071,,Route 138,0,0,BF-053,,0,0,N-0237,,VD-274,138-13,DAIGLE,D-67,1974,40,4,380,334,./0.png
-71.7287241900706,46.677081605678,106,207,N-0208,,VD-83,Actif,Eau potable,Borne d'incendie,210796.2336,5171565.1472,47.5603,,"Gaudreau, Boulevard",0,0,BF-031,,0,0,N-0208,,VD-83,GA-2,DAIGLE,D-67,1962,72,37,950,57,./0.png
-71.7249404257855,46.6729298704174,107,172,N-0163,,VD-214,Actif,Eau potable,Borne d'incendie,211078.53,5171099.164,27.5083,,"Verreault, Rue",0,0,BF-0253,,0,0,N-0163,,VD-214,VE-1,CONCORD,D-67-M PREMIER,2009,0,0,0,310,./0.png
-71.7404821064316,46.6743393582531,108,164,N-0154,,VD-50,Actif,Eau potable,Borne d'incendie,209891.9005,5171274.4433,50,,"Sainte-Agnès, Avenue",0,0,BF-0246,,0,0,N-0154,,VD-50,AG-2,CONCORD,D-67-M PREMIER,2009,0,0,0,236,./0.png
-71.7399278634118,46.6723173738118,109,83,N-0178,,VD-288,Actif,Eau potable,Borne d'incendie,209930.7661,5171049.0281,42.7253,,"Jacques-Cartier, Avenue",0,0,BF-0173,,0,0,N-0178,,VD-288,JC-9,CONCORD,D-67-M PREMIER,1997,0,0,0,55,./0.png
-71.7419844363266,46.6763145890926,110,163,N-0152,,VD-52,Actif,Eau potable,Borne d'incendie,209780.4225,5171495.8056,50,,"Jacques-Cartier, Avenue",0,0,BF-0245,,0,0,N-0152,,VD-52,JC_10A,CONCORD,D-67-M PREMIER,2010,58,52,1200,148,./0.png
-71.7394404649833,46.673431700148,111,280,N-0294,,VD-59,Actif,Eau potable,Borne d'incendie,209970.0068,5171172.3006,47.8984,,"Sainte-Agnès, Avenue",0,0,BF-098,,0,0,N-0294,,VD-59,AG_3A,CONCORD,D-67-M PREMIER,2009,0,0,0,56,./0.png
-71.7145481451498,46.6761907004967,112,48,N-0746,,VD-135,Actif,Eau potable,Borne d'incendie,211879.2357,5171449.2974,53.7426,,"Lord, Avenue",0,0,BF-0141,,0,0,N-0746,,VD-135,LO2_B,DROLET 500,,1989,64,50,1100,241,./0.png
-71.7375008887208,46.6794586107778,113,378,"2094",,VD-300,Actif,Eau potable,Borne d'incendie,210128.93,5171839.87,50,,,0,0,,,0,0,,,VD-300,NEUVE,CONCORD,D-67-M PREMIER,2022,72,47,1160,237,./0.png
-71.7115601386195,46.6760176933077,114,130,N-0113,,VD-108,Actif,Eau potable,Borne d'incendie,212107.5392,5171426.5461,53.2697,,"Blanchette, Rue",0,0,BF-0215,,0,0,N-0113,,VD-108,BL2_A,CONCORD,D-67-M PREMIER,2005,62,48,1150,59,./0.png
-71.712493723352,46.6758789342933,115,60,N-0893,,VD-109,Actif,Eau potable,Borne d'incendie,212035.877,5171412.222,53.3934,,"Plateau, Avenue du",0,0,BF-0152,,0,0,N-0893,,VD-109,PL-3,DAIGLE,D-67,1990,67,37,1025,55,./0.png
-71.7136327272927,46.6767795272346,116,58,N-0869,,VD-111,Actif,Eau potable,Borne d'incendie,211950.279,5171513.667,56.5796,,"Plateau, Avenue du",0,0,BF-0150,,0,0,N-0869,,VD-111,PL-2,CANADA VALVE,,1991,65,46,1140,57,./0.png
-71.7214175785636,46.6740767694181,117,144,N-0130,,VD-219,Actif,Eau potable,Borne d'incendie,211350.041,5171222.4579,29.2445,,"Patterson, Rue",0,0,BF-0228,,0,0,N-0130,,VD-219,PA-1,CONCORD,D-67-M PREMIER,2008,0,0,0,235,./0.png
-71.7128215646908,46.6770150914549,118,129,N-0111,,VD-110,Actif,Eau potable,Borne d'incendie,212012.7401,5171538.8944,58.0121,,"Blanchette, Rue",0,0,BF-0214,,0,0,N-0111,,VD-110,BL1_A,CONCORD,D-67-M PREMIER,2005,66,43,1100,59,./0.png
-71.7241396799657,46.6739489121649,119,138,N-0122,,VD-211,Actif,Eau potable,Borne d'incendie,211141.5559,5171211.4799,29.8325,,"Huot, Rue",0,0,BF-0222,,0,0,N-0122,,VD-211,HO-2,CONCORD,D-67-M PREMIER,2008,0,0,0,27,./0.png
-71.7063953641382,46.6762027536932,120,339,N-0767,,VD-96,Actif,Eau potable,Borne d'incendie,212502.99,5171441.05,57.8502,,"Gaudreau, Boulevard",0,0,,,0,0,N-0767,,VD-96,AD-23,CONCORD,D-67-M PREMIER,2017,61,36,1010,128,./0.png
-71.7328931838707,46.6765203413371,121,264,N-0277,,VD-79,Actif,Eau potable,Borne d'incendie,210476.3107,5171507.7464,50,,"Bertrand, Rue",0,0,BF-083,,0,0,N-0277,,VD-79,AD-34,CONCORD,Premier,2017,67,40,1150,309,./0.png
-71.7411624786401,46.6714404842433,122,263,N-0275,,VD-284,Actif,Eau potable,Borne d'incendie,209834.7683,5170953.0481,37.8793,,"Saint-Laurent, Boulevard",0,0,BF-082,,0,0,N-0275,,VD-284,LA-2,CANADA VALVE,,1995,85,56,1250,30,./0.png
-71.7385561196024,46.6747162137038,123,15,N-0339,,VD-49,Actif,Eau potable,Borne d'incendie,210039.9131,5171314.0123,50,,"l'Église, Rue de",0,0,BF-0111,,0,0,N-0339,,VD-49,EG-1,CONCORD,D-67-M PREMIER,1988,66,38,1040,305,./0.png
-71.7381286693385,46.6789698665877,124,26,N-0474,,VD-30,Actif,Eau potable,Borne d'incendie,210080.05,5171786.3,50,,"Royer, Rue",0,0,BF-0121,,0,0,N-0474,,VD-30,,CONCORD,D-67-M PREMIER,2022,72,55,1250,237,./0.png
-71.7358414674716,46.6788767780003,125,19,N-0387,,VD-27,Actif,Eau potable,Borne d'incendie,210254.8624,5171773.2045,50,,"Rochon, Avenue",0,0,BF-0115,,0,0,N-0387,,VD-27,RO-1,LUDLOW,,1966,72,35,1000,126,./0.png
-71.7168264226274,46.677138555846,126,98,N-1022,,VD-132,Actif,Eau potable,Borne d'incendie,211706.5626,5171557.3441,55.691,,"Campagna, Rue",0,0,BF-0187,,0,0,N-1022,,VD-132,CA-1,CONCORD,D-67-M PREMIER,2004,63,48,1150,125,./0.png
-71.7197077648271,46.680696663449,127,133,N-0116,,VD-177,Actif,Eau potable,Borne d'incendie,211492.2534,5171956.2452,63.7602,,Route 138,0,0,BF-0218,,0,0,N-0116,,VD-177,AD-29,CONCORD,D-67-M,2007,0,0,0,20,./0.png
-71.7148607040272,46.6735485651562,128,190,N-0186,,VD-237,Actif,Eau potable,Borne d'incendie,211850.7927,5171155.9876,29.699,,"Montreuil, Rue",0,0,BF-0270,,0,0,N-0186,,VD-237,MO1_A,CONCORD,D-67-M PREMIER,2011,60,36,1050,74,./0.png
-71.7102404038295,46.6729279710768,129,192,N-0188,,VD-240,Actif,Eau potable,Borne d'incendie,212203.2289,5171081.5648,27.49,,"Drolet, Rue",0,0,BF-0272,,0,0,N-0188,,VD-240,DO-4,CONCORD,D-67-M PREMIER,2012,80,48,1160,147,./0.png
-71.7420893593468,46.6726841319109,130,93,N-0955,,VD-283,Actif,Eau potable,Borne d'incendie,209766.0307,5171092.3999,40.6084,,"Saint-Laurent, Boulevard",0,0,BF-0182,,0,0,N-0955,,VD-283,LA-1,CANADA VALVE,,2002,85,56,1250,246,./0.png
-71.6846897743055,46.6764653968888,131,232,N-0238,,VD-273,Actif,Eau potable,Borne d'incendie,214164.0295,5171445.0339,70,,Route 138,0,0,BF-054,,0,0,N-0238,,VD-273,138-12,CONCORD,D-67-M PREMIER,1992,40,4,450,329,./0.png
-71.7079635062394,46.6760805875616,132,327,N-0500,,VD-105,Actif,Eau potable,Borne d'incendie,212382.81,5171429.31,56.0344,,"Veillette, Avenue",0,0,,,0,0,N-0500,,VD-105,AD-17,CONCORD,D-67-M PREMIER,2017,0,0,0,55,./0.png
-71.7383621222807,46.676475257046,133,297,N-0085,,VD-41,Actif,Eau potable,Borne d'incendie,210057.83,5171509.3,50,,"Fiset, Avenue",0,0,,,0,0,N-0085,,VD-41,FI-1,CONCORD,D-67-M PREMIER,2017,72,54,1200,237,./0.png
-71.6728587005939,46.6795358823769,134,222,N-0226,,VD-280,Actif,Eau potable,Borne d'incendie,215074.2527,5171772.7769,53.8248,,Route 138,0,0,BF-045,,0,0,N-0226,,VD-280,138-19,DAIGLE,D-67,1974,0,0,0,301,./0.png
-71.7320959482871,46.6731235973404,135,168,N-0159,,VD-183,Actif,Eau potable,Borne d'incendie,210531.3963,5171129.2371,30,,"Matte, Avenue",0,0,BF-025,,0,0,N-0159,,VD-183,MA-1,CANADA VALVE,,0,0,0,0,239,./0.png
-71.7205775586148,46.6773692292371,136,40,N-0647,,VD-124,Actif,Eau potable,Borne d'incendie,211419.982,5171587.425,50.4437,,"Germain, Avenue",0,0,BF-0134,,0,0,N-0647,,VD-124,GE-2,CANADA VALVE,,0,0,0,0,9,./0.png
-71.7229800067837,46.6709090465948,137,167,N-0158,,VD-216,Actif,Eau potable,Borne d'incendie,211225.034,5170872.2145,23.4809,,"Verreault, Rue",0,0,BF-0249,,0,0,N-0158,,VD-216,VE-3,CONCORD,D-67-M PREMIER,2011,0,0,0,18,./0.png
-71.7360190067205,46.6796681358817,138,29,N-0510,,VD-25,Actif,Eau potable,Borne d'incendie,210242.661,5171861.3787,50,,"Jacques-Cartier, Avenue",0,0,BF-0124,,0,0,N-0510,,VD-25,JC-5,LUDLOW,,1966,72,35,1000,126,./0.png
-71.7110155774836,46.6731556937185,139,185,N-0181,,VD-238,Actif,Eau potable,Borne d'incendie,212144.3094,5171107.7883,28.4426,,"Deschênes, Rue",0,0,BF-0266,,0,0,N-0181,,VD-238,DES-1,CONCORD,D-67-M PREMIER,2012,74,48,1200,71,./0.png
-71.7418687310172,46.6751890559509,140,278,N-0292,,VD-51,Actif,Eau potable,Borne d'incendie,209787.3017,5171370.5608,50,,"Sainte-Agnès, Avenue",0,0,BF-096,,0,0,N-0292,,VD-51,AG-1,CONCORD,D-67-M PREMIER,2009,68,48,1100,57,./0.png
-71.7086527632143,46.6766152689267,141,329,N-0556,,VD-106,Actif,Eau potable,Borne d'incendie,212330.99,5171489.55,58.4059,,"Veillette, Avenue",0,0,,,0,0,N-0556,,VD-106,AD-18,CONCORD,D-67-M PREMIER,2017,59,35,1000,56,./0.png
-71.7159682538129,46.6786328259121,142,47,N-0732,,VD-115,Actif,Eau potable,Borne d'incendie,211774.7809,5171722.4212,61.0884,,"Plateau, Avenue du",0,0,BF-0140,,0,0,N-0732,,VD-115,PL1_B,CONCORD,D-67-M PREMIER,1999,50,38,1050,61,./0.png
-71.7142280301241,46.6826049771932,143,180,N-0173,,VD-149,Actif,Eau potable,Borne d'incendie,211914.72,5172161.88,70.5339,,"Piché, Rue",0,0,BF-0260,,0,0,N-0173,,VD-149,AD-33,CONCORD,D-67-M PREMIER,2011,0,0,0,349,./0.png
-71.7001636043863,46.6737423363382,144,242,N-0250,,VD-262,Actif,Eau potable,Borne d'incendie,212975.5869,5171160.285,52.2389,,"Notre-Dame, Rue",0,0,BF-063,,0,0,N-0250,,VD-262,ND-22,LUDLOW,,0,0,0,0,356,./0.png
-71.7107517282713,46.67184996316,145,197,N-0196,,VD-242,Actif,Eau potable,Borne d'incendie,212162.2652,5170962.3434,23.832,,"Drolet, Rue",0,0,BF-0277,,0,0,N-0196,,VD-242,DO-2,CONCORD,D-67-M PREMIER,2012,82,47,1150,327,./0.png
-71.735784008139,46.674635418513,146,295,N-0082,,VD-70,Actif,Eau potable,Borne d'incendie,210251.86,5171301.7,50,,"Fiset, Avenue",0,0,,,0,0,N-0082,,VD-70,AD-03,CONCORD,D-67-M PREMIER,2017,72,50,1190,237,./0.png
-71.736464578488,46.6732408446417,147,273,N-0285,,VD-66,Actif,Eau potable,Borne d'incendie,210197.3573,5171147.5077,46.1211,,"Côté, Avenue",0,0,BF-091,,0,0,N-0285,,VD-66,CO-5,CONCORD,D-67-M PREMIER,2007,79,57,1265,56,./0.png
-71.7373412426618,46.6788222248174,148,30,N-0524,,VD-29,Actif,Eau potable,Borne d'incendie,210140.0316,5171768.9425,50,,"Jacques-Cartier, Avenue",0,0,BF-0125,,0,0,N-0524,,VD-29,JC-4,CONCORD,D-67-M PREMIER,1968,71,45,1130,126,./0.png
-71.7153715286714,46.6789894015354,149,128,N-0110,,VD-116,Actif,Eau potable,Borne d'incendie,211821.0434,5171761.3506,62.0286,,"Terrasse, Rue de la",0,0,BF-0213,,0,0,N-0110,,VD-116,TR-1,CONCORD,D-67-M PREMIER,1996,50,39,1050,60,./0.png
-71.7357794087694,46.6765606703862,150,307,N-0201,,VD-33,Actif,Eau potable,Borne d'incendie,210255.57,5171515.69,50,,"Sainte-Marie, Avenue",0,0,,,0,0,N-0201,,VD-33,AD-07,CONCORD,D-67-M PREMIER,2017,0,0,0,53,./0.png
-71.7229568299423,46.6701400272319,151,170,N-0161,,VD-206,Actif,Eau potable,Borne d'incendie,211225.48,5170786.709,21.8115,,"Godin, Avenue",0,0,BF-0251,,0,0,N-0161,,VD-206,GO-5,CONCORD,D-67-M PREMIER,2009,0,0,0,192,./0.png
-71.734671676689,46.6796039933609,152,7,N-0276,,VD-22,Actif,Eau potable,Borne d'incendie,210345.6209,5171852.6322,50,,"Saint-Denis, Avenue",0,0,BF-0104,,0,0,N-0276,,VD-22,SD-2,LUDLOW,,66,72,27,900,239,./0.png
-71.7309972866692,46.6793135665218,153,372,"2079",,VD-298,Actif,Eau potable,Borne d'incendie,210626.21,5171815.95,51.1487,,,0,0,,,0,0,,,VD-298,NEW,CONCORD,D-67-M PREMIER,1998,68,58,1250,126,./0.png
-71.7216562986055,46.6720372299845,154,182,N-0175,,VD-209,Actif,Eau potable,Borne d'incendie,211328.2602,5170996.0424,25.2924,,"Huot, Rue",0,0,BF-0262,,0,0,N-0175,,VD-209,HO-4,CONCORD,D-67-M PREMIER,2010,80,54,1250,62,./0.png
-71.7157889371392,46.6762199437453,155,127,N-0109,,VD-134,Actif,Eau potable,Borne d'incendie,211784.3583,5171454.0126,52.9742,,"Belleau, Rue",0,0,BF-0212,,0,0,N-0109,,VD-134,BL-3,CONCORD,D-67-M PREMIER,2006,70,46,1140,259,./0.png
-71.7375042349693,46.6739940546334,156,202,N-0202,,VD-65,Actif,Eau potable,Borne d'incendie,210119.129,5171232.4778,50,,"Côté, Avenue",0,0,BF-0281,,0,0,N-0202,,VD-65,CO-4,CONCORD,D-67-M PREMIER,2012,66,48,1150,58,./0.png
-71.7259818912891,46.6740135520577,157,136,N-0120,,VD-212,Actif,Eau potable,Borne d'incendie,211000.7224,5171220.8572,30,,"Huot, Rue",0,0,BF-0220,,0,0,N-0120,,VD-212,HO-1,CONCORD,D-67-M PREMIER,2008,0,0,0,358,./0.png
-71.7064541867273,46.6705412904764,158,216,N-0219,,VD-252,Actif,Eau potable,Borne d'incendie,212488.8494,5170811.836,22.0038,,"Dussault, Rue",0,0,BF-04,,0,0,N-0219,,VD-252,DU-2,CANADA VALVE,CENTURY,2006,85,10,530,246,./0.png
-71.7095600546911,46.6722716280243,159,196,N-0195,,VD-241,Actif,Eau potable,Borne d'incendie,212254.1621,5171007.8113,25.639,,"Drolet, Rue",0,0,BF-0276,,0,0,N-0195,,VD-241,DO-3,CONCORD,D-67-M PREMIER,2011,76,46,1150,285,./0.png
-71.7360668308524,46.6784402128976,160,303,N-0134,,VD-28,Actif,Eau potable,Borne d'incendie,210236.86,5171724.95,50,,"Rochon, Avenue",0,0,,,0,0,N-0134,,VD-28,AD-05,CONCORD,D-67-M PREMIER,2017,72,40,1060,238,./0.png
-71.7041961669911,46.6760668592176,161,360,"2071",,VD-302,Actif,Eau potable,Borne d'incendie,212671.01,5171423.37,60.066,,,0,0,,,0,0,,,VD-302,NEW,CONCORD,D-67-M PREMIER,2020,62,36,1010,59,./0.png
-71.7077016254923,46.6754203862872,162,325,N-0456,,VD-95,Actif,Eau potable,Borne d'incendie,212401.72,5171355.62,52.4433,,"Gaudreau, Boulevard",0,0,,,0,0,N-0456,,VD-95,AD-16,CONCORD,D-67-M PREMIER,2017,63,46,1100,132,./0.png
-71.7177842330936,46.6781355345116,163,87,N-0545,,VD-129,Actif,Eau potable,Borne d'incendie,211634.9997,5171669.293,58.3887,,"Brière, Rue",0,0,BF-0177,,0,0,N-0545,,VD-129,BR-1,CONCORD,D-67-M PREMIER,2002,54,44,1150,64,./0.png
-71.7216854184958,46.6758446132365,164,39,N-0635,,VD-87,Actif,Eau potable,Borne d'incendie,211332.5973,5171419.2751,42.9136,,"Gaudreau, Boulevard",0,0,BF-0133,,0,0,N-0635,,VD-87,GA-6,DAIGLE,D-67,1971,77,47,1150,51,./0.png
-71.7388401067552,46.6785967553387,165,31,N-0536,,VD-35,Actif,Eau potable,Borne d'incendie,210024.9714,5171745.6839,50,,"Sainte-Marie, Avenue",0,0,BF-0126,,0,0,N-0536,,VD-35,JC-3,CONCORD,D-67-M PREMIER,0,72,52,1220,237,./0.png
-71.7389964013959,46.679566220314,166,376,"2090",,VD-301,Actif,Eau potable,Borne d'incendie,210014.71,5171853.63,49.6949,,,0,0,,,0,0,,,VD-301,,CONCORD,D-67-M PREMIER,2023,72,50,1190,57,./0.png
-71.7335022675919,46.6786728648748,167,8,N-0288,,VD-21,Actif,Eau potable,Borne d'incendie,210433.4604,5171747.7334,50,,"Saint-Denis, Avenue",0,0,BF-0105,,0,0,N-0288,,VD-21,SD-3,LUDLOW,,63,73,22,772,239,./0.png
-71.7171291374569,46.6758330979961,168,96,N-1000,,VD-139,Actif,Eau potable,Borne d'incendie,211681.1609,5171412.5977,48.1804,,"Campagna, Rue",0,0,BF-0185,,0,0,N-1000,,VD-139,CA-2,CONCORD,D-67-M PREMIER,2004,71,53,1220,96,./0.png
-71.7309824561144,46.6740593426222,169,259,N-0271,,VD-193,Actif,Eau potable,Borne d'incendie,210618.2153,5171231.9148,36.764,,"Notre-Dame, Rue",0,0,BF-079,,0,0,N-0271,,VD-193,ND-6,LUDLOW,,1963,0,0,0,176,./0.png
-71.7094277816201,46.6749883954892,170,323,N-0434,,VD-94,Actif,Eau potable,Borne d'incendie,212268.92,5171309.63,47.9088,,"Gaudreau, Boulevard",0,0,,,0,0,N-0434,,VD-94,AD-15,CONCORD,D-67-M PREMIER,2017,74,49,1175,155,./0.png
-71.7135587915738,46.6730426173592,171,188,N-0184,,VD-233,Actif,Eau potable,Borne d'incendie,211949.5346,5171098.2148,26.8529,,"Savard, Rue",0,0,BF-0269,,0,0,N-0184,,VD-233,SA2_A,CONCORD,D-67-M PREMIER,2009,0,0,0,13,./0.png
-71.7215885904682,46.6703195443924,172,169,N-0160,,VD-207,Actif,Eau potable,Borne d'incendie,211330.4792,5170805.038,22.1232,,"Godin, Avenue",0,0,BF-0250,,0,0,N-0160,,VD-207,GO-6,CONCORD,D-67-M PREMIER,2009,0,0,0,84,./0.png
-71.6981908288318,46.6737962527125,173,240,N-0248,,VD-263,Actif,Eau potable,Borne d'incendie,213126.6134,5171163.9797,52.9125,,"Notre-Dame, Rue",0,0,BF-061,,0,0,N-0248,,VD-263,ND-23,CONCORD,D-67-M PREMIER,0,65,22,750,351,./0.png
-71.7194670528222,46.6778687988788,174,42,N-0672,,VD-126,Actif,Eau potable,Borne d'incendie,211505.8,5171641.637,54.747,,"Benoît, Rue",0,0,BF-0136,,0,0,N-0672,,VD-126,BN-1,DAIGLE,D-67,1976,62,48,1100,10,./0.png
-71.7298844645723,46.676130807281,175,208,N-0209,,VD-82,Actif,Eau potable,Borne d'incendie,210705.817,5171460.8497,44.2038,,"Gaudreau, Boulevard",0,0,BF-032,,0,0,N-0209,,VD-82,GA-1,LUDLOW,,1966,76,31,935,129,./0.png
-71.7377503585042,46.6714410194125,176,262,N-0274,,VD-286,Actif,Eau potable,Borne d'incendie,210095.8384,5170948.999,35.4498,,"Saint-Laurent, Boulevard",0,0,BF-081,,0,0,N-0274,,VD-286,LA-4,CANADA VALVE,,1995,62,52,1200,57,./0.png
-71.7348450201951,46.676912212785,177,265,N-0279,,VD-75,Actif,Eau potable,Borne d'incendie,210327.6682,5171553.6433,50,,"Saint-Joseph, Avenue",0,0,BF-084,,0,0,N-0279,,VD-75,EG-4,CONCORD,D-67-M PREMIER,2017,64,46,1200,236,./0.png
-71.7175195326256,46.6802645871,178,213,N-0215,,VD-118,Actif,Eau potable,Borne d'incendie,211658.909,5171905.6285,64.7466,,"Prés, Avenue des",0,0,BF-037,,0,0,N-0215,,VD-118,PR-1,CANADA VALVE,,1990,46,38,1075,289,./0.png
-71.7310459739226,46.6723028840229,179,179,N-0172,,VD-184,Actif,Eau potable,Borne d'incendie,210610.3038,5171036.757,27.1372,,"Matte, Avenue",0,0,BF-026,,0,0,N-0172,,VD-184,MA-2,CANADA VALVE,,0,0,0,0,237,./0.png
-71.7257667894364,46.6816257294832,180,219,N-0222,,VD-294,Actif,Eau potable,Borne d'incendie,211030.35,5172066.71,64.27,,Route 138,0,0,BF-042,,0,0,N-0222,,VD-294,138-2,LUDLOW,modèle 5,1963,0,0,0,9,./0.png
-71.7277503061595,46.6737403096622,181,134,N-0118,,VD-202,Actif,Eau potable,Borne d'incendie,210864.9498,5171192.5935,30,,"Godin, Avenue",0,0,BF-0219,,0,0,N-0118,,VD-202,GO-1,CANADA VALVE,,0,78,50,1220,54,./0.png
-71.7247066555008,46.6820857742453,182,217,N-0220,,VD-173,Actif,Eau potable,Borne d'incendie,211112.2434,5172116.5831,66.5184,,Route 138,0,0,BF-040,,0,0,N-0220,,VD-173,138-3,CANADA VALVE,,1999,0,0,0,16,./0.png
-71.7073761493373,46.67445279357,183,63,N-0930,,VD-246,Actif,Eau potable,Borne d'incendie,212424.9722,5171247.6883,46.9313,,"Doré, Chemin",0,0,BF-0155,,0,0,N-0930,,VD-246,DV-1,CANADA VALVE,,0,62,38,1050,245,./0.png
-71.7432494076661,46.6759741871529,184,116,N-0096,,VD-53,Actif,Eau potable,Borne d'incendie,209683.048,5171459.4963,41.4282,,"Jacques-Cartier, Avenue",0,0,BF-0202,,0,0,N-0096,,VD-53,JC-11,CONCORD,D-67-M PREMIER,2006,0,0,0,152,./0.png
-71.7391100546546,46.6778993426454,185,32,N-0549,,VD-38,Actif,Eau potable,Borne d'incendie,210003.1,5171668.49,50,,"Jacques-Cartier, Avenue",0,0,BF-0127,,0,0,N-0549,,VD-38,JC-2,CONCORD,D-67-M PREMIER,2017,0,0,0,59,./0.png
-71.7338042145862,46.6803633955265,186,6,N-0264,,VD-18,Actif,Eau potable,Borne d'incendie,210413.305,5171936.0012,52.4439,,"Parc, Avenue du",0,0,BF-0103,,0,0,N-0264,,VD-18,PC-3,LUDLOW,,0,72,26,860,322,./0.png
-71.7409198298761,46.6766732112715,187,34,N-0573,,VD-45,Actif,Eau potable,Borne d'incendie,209862.4988,5171534.3832,50,,"Jacques-Cartier, Avenue",0,0,BF-0129,,0,0,N-0573,,VD-45,JC-1,CONCORD,D-67-M PREMIER,1988,0,0,0,306,./0.png
-71.6906282823432,46.6739487983595,188,156,N-0144,,VD-269,Actif,Eau potable,Borne d'incendie,213705.473,5171172.1604,58.1658,,"Lortie, Rue",0,0,BF-0239,,0,0,N-0144,,VD-269,LO1_A,CONCORD,D-67-M PREMIER,2009,0,0,0,76,./0.png
-71.719267372889,46.6764639288233,189,111,N-0089,,VD-144,Actif,Eau potable,Borne d'incendie,211518.6584,5171485.2463,47.6413,,"Marcotte, Rue",0,0,BF-0199,,0,0,N-0089,,VD-144,MAR.-2,CANADA VALVE,,0,0,0,0,15,./0.png
-71.7242851306785,46.6810478066935,190,71,N-1028,,PR-2,Actif,Eau potable,Borne d'incendie,211142.6951,5172000.7094,64.03,,Route 138,0,0,BF-0162,,0,0,N-1028,,PR-2,Privé -2,DROLET,CLSC,1968,53,17,700,241,./0.png
-71.6715483646108,46.6805838806811,191,223,N-0227,,VD-281,Actif,Eau potable,Borne d'incendie,215176.2278,5171887.7721,54.0883,,Route 138,0,0,BF-046,,0,0,N-0227,,VD-281,138-20,CONCORD,D-67-M PREMIER,1999,62,7,520,301,./0.png
-71.7246051034217,46.6845790013637,192,89,N-0667,,VD-167,Actif,Eau potable,Borne d'incendie,211124.3219,5172393.5898,74.6295,,"Commerciale, Rue",0,0,BF-0179,,0,0,N-0667,,VD-167,CM-4,CONCORD,D-67-M PREMIER,2003,41,27,875,87,./0.png
-71.6703296357226,46.6815150577608,193,224,N-0229,,VD-282,Actif,Eau potable,Borne d'incendie,215270.9983,5171989.8882,53.2891,,Route 138,0,0,BF-047,,0,0,N-0229,,VD-282,138-21,DAIGLE,D-67,1974,59,6,450,306,./0.png
-71.728980369894,46.6737032624261,194,90,N-0789,,VD-194,Actif,Eau potable,Borne d'incendie,210770.7745,5171189.9435,31.5258,,"Industrielle, Avenue",0,0,BF-018,,0,0,N-0789,,VD-194,IN-1,CANRON,,1972,75,45,1150,54,./0.png
-71.7178201196252,46.6773738683377,195,82,N-0855,,VD-130,Actif,Eau potable,Borne d'incendie,211630.945,5171584.6747,54.5099,,"Lord, Avenue",0,0,BF-0172,,0,0,N-0855,,VD-130,LO-4,CONCORD,D-67-M PREMIER,2002,0,0,0,97,./0.png
-71.7175736873195,46.6764178248094,196,97,N-1011,,VD-133,Actif,Eau potable,Borne d'incendie,211648.155,5171478.117,50.7196,,"Lord, Avenue",0,0,BF-0186,,0,0,N-1011,,VD-133,LO-5,CONCORD,D-67-M PREMIER,2004,0,0,0,14,./0.png
-71.7351807217255,46.6732025949309,197,274,N-0286,,VD-67,Actif,Eau potable,Borne d'incendie,210295.5182,5171141.7148,43.087,,"Notre-Dame, Rue",0,0,BF-092,,0,0,N-0286,,VD-67,ND-4,CANADA VALVE,,1975,0,0,0,160,./0.png
-71.7229096446177,46.6746126174587,198,255,N-0266,,VD-198,Actif,Eau potable,Borne d'incendie,211236.81,5171283.79,30,,"Notre-Dame, Rue",0,0,BF-075,,0,0,N-0266,,VD-198,ND-10,DAIGLE,,1967,0,0,0,197,./0.png
-71.7122528659731,46.6747602832371,199,41,N-0659,,VD-92,Actif,Eau potable,Borne d'incendie,212052.39,5171287.598,44.9148,,"Gaudreau, Boulevard",0,0,BF-0135,,0,0,N-0659,,VD-92,GA-11,CANADA VALVE,,1996,72,62,1200,0,./0.png
-71.711751733695,46.6737409542576,200,248,N-0258,,VD-229,Actif,Eau potable,Borne d'incendie,212088.9871,5171173.7075,32.3642,,"Notre-Dame, Rue",0,0,BF-069,,0,0,N-0258,,VD-229,ND-16,CANADA VALVE,,0,75,45,1130,4,./0.png
-71.7314220474988,46.6753983150993,201,210,N-0211,,VD-81,Actif,Eau potable,Borne d'incendie,210586.91,5171381.27,41.5166,,"Delisle, Avenue",0,0,BF-034,,0,0,N-0211,,VD-81,DE-1,LUDLOW,,1961,68,25,800,238,./0.png
-71.731436846449,46.6830636273397,202,54,N-0819,,VD-7,Actif,Eau potable,Borne d'incendie,210599.1018,5172233.3028,64.7908,,"Pépin, Rue",0,0,BF-0147,,0,0,N-0819,,VD-7,PÉ-1,CONCORD,D-67-M PREMIER,1997,52,18,700,11,./0.png
-71.7166512324669,46.6794775352027,203,44,N-0696,,VD-117,Actif,Eau potable,Borne d'incendie,211723.9822,5171817.1194,62.8823,,"Terrasse, Rue de la",0,0,BF-0138,,0,0,N-0696,,VD-117,TR-2,CANADA VALVE,,2005,54,36,1010,203,./0.png
-71.7362063356405,46.6808098048946,204,22,N-0426,,VD-23,Actif,Eau potable,Borne d'incendie,210230.3224,5171988.5025,50,,"Saint-Denis, Avenue",0,0,BF-0118,,0,0,N-0426,,VD-23,SD-1,LUDLOW,,63,70,32,950,240,./0.png
-71.7117489786324,46.6720578239454,205,191,N-0187,,VD-235,Actif,Eau potable,Borne d'incendie,212086.3193,5170986.621,22.5285,,"Savard, Rue",0,0,BF-0271,,0,0,N-0187,,VD-235,SA4_A,CONCORD,D-67-M PREMIER,2011,0,0,0,73,./0.png
-71.7360903610681,46.672043957764,206,77,N-0028,,VD-62,Actif,Eau potable,Borne d'incendie,210223.9005,5171014.022,36.9034,,"Saint-Laurent, Boulevard",0,0,BF-0168,,0,0,N-0028,,VD-62,LA-5,CONCORD,D-67-M PREMIER,2002,85,65,1350,318,./0.png
-71.7245525041562,46.6840055970245,207,99,N-1033,,VD-166,Actif,Eau potable,Borne d'incendie,211127.3542,5172329.7921,72.2834,,"Commerciale, Rue",0,0,BF-0188,,0,0,N-1033,,VD-166,CM-5,CONCORD,D-67-M PREMIER,2004,48,35,995,87,./0.png
-71.7340050070843,46.6774508792533,208,209,N-0210,,VD-78,Actif,Eau potable,Borne d'incendie,210392.8713,5171612.5098,50,,"Delisle, Avenue",0,0,BF-033,,0,0,N-0210,,VD-78,EG-5,LUDLOW,,1966,75,38,1040,239,./0.png
-71.7217300667085,46.6712623720419,209,173,N-0164,,VD-208,Actif,Eau potable,Borne d'incendie,211321.28,5170910.003,23.8516,,"Godin, Avenue",0,0,BF-0254,,0,0,N-0164,,VD-208,GO-7,CONCORD,D-67-M PREMIER,2009,0,0,0,99,./0.png
-71.7160032444279,46.6733401732805,210,149,N-0136,,VD-230,Actif,Eau potable,Borne d'incendie,211763.02,5171134.1735,28.8795,,"Fortin, Rue",0,0,BF-0232,,0,0,N-0136,,VD-230,FO-1,CONCORD,D-67-M PREMIER,2009,79,50,1150,319,./0.png
-71.7182473658088,46.6758763855013,211,114,N-0094,,VD-140,Actif,Eau potable,Borne d'incendie,211595.684,5171418.732,43.7113,,"Frenette, Rue",0,0,BF-0200,,0,0,N-0094,,VD-140,FR-3,CANADA VALVE,CENTURY,2005,72,46,1140,189,./0.png
-71.70978496939,46.6737122158228,212,247,N-0257,,VD-244,Actif,Eau potable,Borne d'incendie,212239.4134,5171168.1998,32.3209,,"Notre-Dame, Rue",0,0,BF-068,,0,0,N-0257,,VD-244,ND-17,CANADA VALVE,,0,0,0,0,1,./0.png
-71.6945023755195,46.6740763624825,213,239,N-0247,,VD-265,Actif,Eau potable,Borne d'incendie,213409.2857,5171190.8277,56.4741,,"Notre-Dame, Rue",0,0,BF-060,,0,0,N-0247,,VD-265,ND-25,CONCORD,D-67-M PREMIER,1995,65,32,700,351,./0.png
-71.7193702990968,46.682816043708,214,107,N-0058,,VD-154,Actif,Eau potable,Borne d'incendie,211521.7173,5172191.419,70.7144,,"Piché, Rue",0,0,BF-0195,,0,0,N-0058,,VD-154,PI-2,CONCORD,D-67-M PREMIER,2004,0,0,0,61,./0.png
-71.7237249870162,46.6762169758648,215,36,N-0597,,VD-86,Actif,Eau potable,Borne d'incendie,211177.201,5171463.0866,41.5895,,"Gaudreau, Boulevard",0,0,BF-0130,,0,0,N-0597,,VD-86,GA-5,DAIGLE,D-67,1971,78,62,1230,320,./0.png
-71.739300221679,46.6718703831765,216,65,N-0954,,VD-287,Actif,Eau potable,Borne d'incendie,209978.0058,5170998.5884,41.0745,,"Jacques-Cartier, Avenue",0,0,BF-0157,,0,0,N-0954,,VD-287,JC_10B,CONCORD,D-67-M PREMIER,1997,83,56,1250,58,./0.png
-71.7189950562787,46.6726081112289,217,35,N-0585,,VD-222,Actif,Eau potable,Borne d'incendie,211532.858,5171056.342,26.3952,,"Trépanier, Rue",0,0,BF-013,,0,0,N-0585,,VD-222,TP-1,DAIGLE,D-67,1978,0,0,0,7,./0.png
-71.7369525351627,46.6781014521526,218,14,N-0327,,VD-31,Actif,Eau potable,Borne d'incendie,210168.51,5171688.36,50,,"Saint-Joseph, Avenue",0,0,BF-0110,,0,0,N-0327,,VD-31,JO-1,CONCORD,D-67-M PREMIER,2017,70,50,1190,241,./0.png
-71.7155513605775,46.6727831297801,219,147,N-0133,,VD-231,Actif,Eau potable,Borne d'incendie,211796.6378,5171071.7233,26.8819,,"Savard, Rue",0,0,BF-0230,,0,0,N-0133,,VD-231,SA1_A,CONCORD,D-67-M PREMIER,2007,0,0,0,1,./0.png
-71.7371835475733,46.6756007533528,220,16,N-0351,,VD-42,Actif,Eau potable,Borne d'incendie,210146.47,5171410.68,50,,"l'Église, Rue de",0,0,BF-0112,,0,0,N-0351,,VD-42,EG-2,CONCORD,D-67-M PREMIER,2017,70,54,1230,234,./0.png
-71.7179145887811,46.6751498928604,221,49,N-0758,,VD-89,Actif,Eau potable,Borne d'incendie,211619.8946,5171337.5871,37.9258,,"Gaudreau, Boulevard",0,0,BF-0142,,0,0,N-0758,,VD-89,GA-8,DAIGLE,D-67,1971,74,54,1150,11,./0.png
-71.7378039813368,46.6751839019464,222,358,"2039",,VD-232,Actif,Eau potable,Borne d'incendie,210091.23,5171362.81,50,,"Kernan, Avenue",0,0,,,0,0,,,VD-232,,CONCORD,D-67-M PREMIER,2019,60,30,950,234,./0.png
-71.720110125472,46.6733144227093,223,143,N-0128,,VD-220,Actif,Eau potable,Borne d'incendie,211448.7596,5171136.171,27.6261,,"Patterson, Rue",0,0,BF-0227,,0,0,N-0128,,VD-220,PA-2,CONCORD,D-67-M PREMIER,2009,81,54,1200,212,./0.png
-71.7132080013386,46.6738009457474,224,250,N-0260,,VD-228,Actif,Eau potable,Borne d'incendie,211977.6721,5171182.091,31.8458,,"Notre-Dame, Rue",0,0,BF-070,,0,0,N-0260,,VD-228,ND-15,CONCORD,D-67-M PREMIER,0,76,48,1095,5,./0.png
-71.7344229183768,46.6806352882622,225,28,N-0498,,VD-17,Actif,Eau potable,Borne d'incendie,210366.4481,5171966.9644,52.7856,,"Jacques-Cartier, Avenue",0,0,BF-0123,,0,0,N-0498,,VD-17,JC-6,LUDLOW,,1966,0,0,0,137,./0.png
-71.7107245057772,46.6710553915759,226,205,N-0206,,VD-250,Actif,Eau potable,Borne d'incendie,212162.9903,5170873.9932,20.5541,,"Huard, Rue",0,0,BF-03,,0,0,N-0206,,VD-250,HU-1,LUDLOW,,1966,78,3,475,146,./0.png
-71.7096592587821,46.6759019011522,227,382,"2099",,VD-303,Actif,Eau potable,Borne d'incendie,212252.77,5171411.44,53,,,0,0,,,0,0,,,VD-303,NEW,,,0,0,0,0,342,./0.png
-71.7112514100883,46.6747257440188,228,321,N-0400,,VD-93,Actif,Eau potable,Borne d'incendie,212128.95,5171282.58,44.0158,,"Gaudreau, Boulevard",0,0,,,0,0,N-0400,,VD-93,AD-14,CONCORD,D-67-M PREMIER,2017,75,54,1230,154,./0.png
-71.7186580568554,46.6740545726561,229,253,N-0263,,VD-225,Actif,Eau potable,Borne d'incendie,211561.13,5171216.72,29.4228,,"Notre-Dame, Rue",0,0,BF-073,,0,0,N-0263,,VD-225,ND-12,CANADA VALVE,,0,0,0,0,96,./0.png
-71.729712926867,46.6831128217673,230,370,"2077",,VD-297,Actif,Eau potable,Borne d'incendie,210731.06,5172236.71,65.5587,,,0,0,,,0,0,,,VD-297,,CONCORD,D-67-M PREMIER,2014,52,44,1110,18,./0.png
-71.6879966095934,46.6758615290084,231,234,N-0241,,VD-271,Actif,Eau potable,Borne d'incendie,213910.0265,5171381.7238,66.9703,,Route 138,0,0,BF-056,,0,0,N-0241,,VD-271,138-10,DAIGLE,D-67,1974,45,10,500,354,./0.png
-71.7158618426714,46.6749819210874,232,61,N-0905,,VD-90,Actif,Eau potable,Borne d'incendie,211776.656,5171316.49,45.7973,,"Gaudreau, Boulevard",0,0,BF-0153,,0,0,N-0905,,VD-90,GA-9,DAIGLE,D-67,1974,75,43,1100,10,./0.png
-71.7066833014328,46.6774878626145,233,333,N-0645,,VD-102,Actif,Eau potable,Borne d'incendie,212483.15,5171584.23,65.6051,,"Cantin, Avenue",0,0,,,0,0,N-0645,,VD-102,AD-20,CONCORD,D-67-M PREMIER,2017,54,28,890,20,./0.png
-71.7290839185281,46.6742966129308,234,258,N-0270,,VD-195,Actif,Eau potable,Borne d'incendie,210763.8814,5171256.0192,36.2563,,"Notre-Dame, Rue",0,0,BF-078,,0,0,N-0270,,VD-195,ND-7,CANADA VALVE,,1988,0,0,0,146,./0.png
-71.7389914226607,46.6760465154365,235,349,N-0129,,VD-43,Actif,Eau potable,Borne d'incendie,210009.63,5171451.62,50,,"Kernan, Avenue",0,0,,,0,0,N-0129,,VD-43,AD-35,CONCORD,D-67-M PREMIER,2013,64,50,1200,237,./0.png
-71.7353606722104,46.6823462066078,236,70,N-1016,,VD-14,Actif,Eau potable,Borne d'incendie,210297.6941,5172158.2615,51.6269,,"Mathieu, Avenue",0,0,BF-0161,,0,0,N-1016,,VD-14,MH-2,DAIGLE,,1967,61,18,650,6,./0.png
-71.7336443073018,46.6748801876447,237,269,N-0282,,VD-292,Actif,Eau potable,Borne d'incendie,210415.99,5171326.34,50,,"Sainte-Marie, Avenue",0,0,BF-088,,0,0,N-0282,,VD-292,JU-1,CONCORD,D-67-M PREMIER,2017,68,40,1200,239,./0.png
-71.7195953431001,46.6759974791002,238,43,N-0684,,VD-141,Actif,Eau potable,Borne d'incendie,211492.764,5171433.788,43.8047,,"Frenette, Rue",0,0,BF-0137,,0,0,N-0684,,VD-141,FR-2,DAIGLE,D-67,1984,75,48,1160,9,./0.png
-71.740072586778,46.6781088835628,239,301,N-0002,,VD-39,Actif,Eau potable,Borne d'incendie,209929.83,5171692.94,50,,"Saint-Jean-Baptiste, Rue",0,0,,,0,0,N-0002,,VD-39,AD-04,CONCORD,D-67-M PREMIER,2017,71,51,1200,128,./0.png
-71.7074510358102,46.676868618494,240,337,N-0745,,VD-104,Actif,Eau potable,Borne d'incendie,212423.36,5171516.3,61.2491,,"Pelletier, Rue",0,0,,,0,0,N-0745,,VD-104,AD-22,CONCORD,D-67-M PREMIER,2017,53,34,950,19,./0.png
-71.7322431348369,46.6744546286969,241,317,N-0345,,VD-80,Actif,Eau potable,Borne d'incendie,210522.45,5171277.36,41.2556,,"Fiset, Carré",0,0,,,0,0,N-0345,,VD-80,AD-12,CONCORD,Premier,2017,73,50,1190,120,./0.png
-71.6895365998916,46.6734321261113,242,155,N-0143,,VD-270,Actif,Eau potable,Borne d'incendie,213788.1289,5171113.4691,55.54,,"Lortie, Rue",0,0,BF-0238,,0,0,N-0143,,VD-270,LO2_A,CONCORD,D-67-M PREMIER,2009,66,19,675,96,./0.png
-71.708506148025,46.6777954732056,243,331,N-0622,,VD-103,Actif,Eau potable,Borne d'incendie,212344.22,5171620.56,65.659,,"Cantin, Avenue",0,0,,,0,0,N-0622,,VD-103,AD-19,CONCORD,D-67-M PREMIER,2017,47,29,880,19,./0.png
-71.7167329931863,46.6816852519419,244,103,N-0003,,VD-145,Actif,Eau potable,Borne d'incendie,211721.5192,5172062.6084,68.309,,"Auger, Rue",0,0,BF-0191,,0,0,N-0003,,VD-145,AU-1,CONCORD,D-67-M PREMIER,2005,46,41,1075,268,./0.png
-71.7169822401592,46.6809256340098,245,102,N-1066,,VD-146,Actif,Eau potable,Borne d'incendie,211701.1474,5171978.4699,66.4186,,"Auger, Rue",0,0,BF-0190,,0,0,N-1066,,VD-146,AU-2,CONCORD,D-67-M PREMIER,2005,54,38,100,280,./0.png
-71.7263662377935,46.6729095306022,246,79,N-0052,,VD-203,Actif,Eau potable,Borne d'incendie,210969.4056,5171098.6009,27.7076,,"Godin, Avenue",0,0,BF-017,,0,0,N-0052,,VD-203,GO-2,CANADA VALVE,,0,0,0,0,240,./0.png
-71.7231446756901,46.6770757000135,247,121,N-0102,,VD-122,Actif,Eau potable,Borne d'incendie,211223.0806,5171557.8458,45.9763,,"Prés, Avenue des",0,0,BF-0207,,0,0,N-0102,,VD-122,PR-5,CONCORD,D-67-M,2007,79,59,1300,289,./0.png
-71.7263438312903,46.6838946543295,248,221,N-0225,,VD-169,Actif,Eau potable,Borne d'incendie,210990.1353,5172319.5931,70,,"Commerciale, Rue",0,0,BF-044,,0,0,N-0225,,VD-169,CM-2,CANADA VALVE,Storz 8,1989,45,31,935,97,./0.png
-71.7204830325767,46.6787718761827,249,119,N-0099,,VD-120,Actif,Eau potable,Borne d'incendie,211429.63,5171743.22,56.6755,,"Prés, Avenue des",0,0,BF-0205,,0,0,N-0099,,VD-120,PR-3,CONCORD,D-67-M,2007,58,50,1150,317,./0.png
-71.7199192967599,46.6721819655027,250,46,N-0720,,VD-201,Actif,Eau potable,Borne d'incendie,211461.41,5171010.07,25.3279,,"Marcoux, Avenue",0,0,BF-014,,0,0,N-0720,,VD-201,MX-3,CONCORD,D-67-M PREMIER,1988,82,45,1130,63,./0.png
-71.7203038506638,46.6765661598871,251,110,N-0088,,VD-143,Actif,Eau potable,Borne d'incendie,211439.5385,5171497.8377,47.7583,,"Marcotte, Rue",0,0,BF-0198,,0,0,N-0088,,VD-143,MAR.-1,CANADA VALVE,,0,70,52,1150,12,./0.png
-71.7265756667684,46.6828313429873,252,220,N-0224,,VD-170,Actif,Eau potable,Borne d'incendie,210970.56,5172201.68,67.0966,,"Commerciale, Rue",0,0,BF-043,,0,0,N-0224,,VD-170,CM-1,CANADA VALVE,Storz 100,1989,55,39,1050,94,./0.png
-71.7222589716178,46.6769030027957,253,37,N-0609,,VD-123,Actif,Eau potable,Borne d'incendie,211290.5429,5171537.5981,46.0175,,"Germain, Avenue",0,0,BF-0131,,0,0,N-0609,,VD-123,GE-1,CANADA VALVE,,0,72,54,1250,286,./0.png
-71.7223346335342,46.6826867774815,254,94,N-0978,,VD-164,Actif,Eau potable,Borne d'incendie,211294.7337,5172180.5665,68.0988,,"Armand-Bombardier, Rue",0,0,BF-0183,,0,0,N-0978,,VD-164,AB-1,MUELLER,,1993,54,39,1050,95,./0.png
-71.6795955608715,46.6774240497894,255,229,N-0235,,VD-276,Actif,Eau potable,Borne d'incendie,214555.36,5171545.74,62.9554,,Route 138,0,0,BF-051,,0,0,N-0235,,VD-276,138-15,CONCORD,D-67-M PREMIER,2008,49,7,530,127,./0.png
-71.7346005185648,46.6737021927059,256,293,N-0079,,VD-71,Actif,Eau potable,Borne d'incendie,210340.78,5171196.55,44.917,,"Fiset, Avenue",0,0,,,0,0,N-0079,,VD-71,FI-2,CONCORD,D-67-M PREMIER,2017,72,48,1200,252,./0.png
-71.7219954560382,46.6779005064868,257,120,N-0100,,VD-121,Actif,Eau potable,Borne d'incendie,211312.4236,5171648.1598,50,,"Prés, Avenue des",0,0,BF-0206,,0,0,N-0100,,VD-121,PR-4,CONCORD,D-67-M,2007,70,52,1210,306,./0.png
-71.7253868959035,46.6758775393821,258,51,N-0782,,VD-85,Actif,Eau potable,Borne d'incendie,211049.4686,5171427.3346,41.4511,,"Gaudreau, Boulevard",0,0,BF-0144,,0,0,N-0782,,VD-85,GA-4,DAIGLE,D-67,1967,78,42,1090,2,./0.png
-71.718341747385,46.6844892633448,259,92,N-0944,,VD-159,Actif,Eau potable,Borne d'incendie,211603.2754,5172376.1831,76.1818,,"Armand-Bombardier, Rue",0,0,BF-0181,,0,0,N-0944,,VD-159,AB-6,CONCORD,PREMIER,2004,42,31,935,172,./0.png
-71.7370070141708,46.6774873789235,260,12,N-0303,,VD-34,Actif,Eau potable,Borne d'incendie,210163.27,5171620.17,50,,"Sainte-Marie, Avenue",0,0,BF-0109,,0,0,N-0303,,VD-34,SM-1,CONCORD,D-67-M PREMIER,2017,70,46,1150,55,./0.png
-71.7300170819576,46.6714752632985,261,157,N-0146,,VD-185,Actif,Eau potable,Borne d'incendie,210687.5887,5170943.5354,23.9141,,"Matte, Avenue",0,0,BF-024,,0,0,N-0146,,VD-185,MA-3,CANADA VALVE,,0,78,38,1000,238,./0.png
-71.7158141478541,46.6845985051421,262,199,N-0198,,VD-157,Actif,Eau potable,Borne d'incendie,211796.8089,5172385.3371,76.1411,,"Armand-Bombardier, Rue",0,0,BF-0279,,0,0,N-0198,,VD-157,AB-8,CONCORD,PREMIER,2011,41,29,905,3,./0.png
-71.7217207125093,46.6843326432785,263,86,N-0423,,VD-162,Actif,Eau potable,Borne d'incendie,211344.535,5172362.7792,73.3376,,"Armand-Bombardier, Rue",0,0,BF-0176,,0,0,N-0423,,VD-162,AB-3,MUELLER,,1993,44,30,920,175,./0.png
-71.7207532924002,46.6808550889331,264,212,N-0214,,VD-176,Actif,Eau potable,Borne d'incendie,211412.5443,5171975.0939,62.9266,,Route 138,0,0,BF-036,,0,0,N-0214,,VD-176,138-8,CANADA VALVE,,1990,50,42,1000,199,./0.png
-71.7189339889112,46.6791562718043,265,81,N-0076,,VD-119,Actif,Eau potable,Borne d'incendie,211548.7963,5171784.1109,60.979,,"Prés, Avenue des",0,0,BF-0171,,0,0,N-0076,,VD-119,PR-2,CONCORD,D-67-M,2002,57,43,1100,336,./0.png
-71.7222884613111,46.6834743460243,266,211,N-0213,,VD-163,Actif,Eau potable,Borne d'incendie,211299.6246,5172268.0516,70.09,,"Armand-Bombardier, Rue",0,0,BF-035,,0,0,N-0213,,VD-163,AB-2,MUELLER,,1993,45,39,1000,268,./0.png
-71.7153994750376,46.6824895348318,267,178,N-0171,,VD-150,Actif,Eau potable,Borne d'incendie,211824.9104,5172150.4308,70.4424,,"Piché, Rue",0,0,BF-0259,,0,0,N-0171,,VD-150,AD-32,CONCORD,D-67-M PREMIER,2010,40,32,950,351,./0.png
-71.7292337151429,46.6701043984216,268,204,N-0205,,VD-182,Actif,Eau potable,Borne d'incendie,210745.1476,5170790.2254,20.4044,,"Victorin, Boulevard",0,0,BF-029,,0,0,N-0205,,VD-182,VI-4,CANADA VALVE,,0,80,40,1060,57,./0.png
-71.7195164402834,46.6844353382506,269,91,N-0911,,VD-160,Actif,Eau potable,Borne d'incendie,211513.3257,5172371.5802,75.3761,,"Armand-Bombardier, Rue",0,0,BF-0180,,0,0,N-0911,,VD-160,AB-5,CONCORD,PREMIER,2001,44,29,905,173,./0.png
-71.7335497522258,46.6818341712603,270,21,N-0413,,VD-13,Actif,Eau potable,Borne d'incendie,210435.3323,5172099.176,57.4818,,"Mathieu, Avenue",0,0,BF-0117,,0,0,N-0413,,VD-13,MH-3,DAIGLE,,1972,0,0,0,240,./0.png
-71.7288829574952,46.6706068065532,271,146,N-0132,,VD-186,Actif,Eau potable,Borne d'incendie,210772.8569,5170845.6502,21.9391,,"Matte, Avenue",0,0,BF-023,,0,0,N-0132,,VD-186,MA-4,CANADA VALVE,,0,0,0,0,238,./0.png
-71.7174961643084,46.684526636898,272,108,N-0069,,VD-158,Actif,Eau potable,Borne d'incendie,211668.0216,5172379.3368,76.1622,,"Armand-Bombardier, Rue",0,0,BF-0196,,0,0,N-0069,,VD-158,AB-7,CONCORD,PREMIER,2005,42,31,935,176,./0.png
-71.72808755408,46.6833563781689,273,55,N-0831,,VD-172,Actif,Eau potable,Borne d'incendie,210855.8165,5172261.8414,68.1252,,2e Rang,0,0,BF-0148,,0,0,N-0831,,VD-172,CT-2,CONCORD,D-67-M PREMIER,1999,48,36,1000,278,./0.png
-71.7165720205503,46.6824092466724,274,105,N-0036,,VD-151,Actif,Eau potable,Borne d'incendie,211735.0766,5172142.8917,70.1154,,"Piché, Rue",0,0,BF-0193,,0,0,N-0036,,VD-151,PI-5,CONCORD,D-67-M PREMIER,2005,0,0,0,352,./0.png
-71.7096297758903,46.6764198821634,275,380,"2098",,VD-304,Actif,Eau potable,Borne d'incendie,212255.91,5171468.98,53,,,0,0,,,0,0,,,VD-304,NEW,,,0,0,0,0,161,./0.png
-71.7015363500596,46.6689957140075,276,249,N-0259,,VD-256,Actif,Eau potable,Borne d'incendie,212862.51,5170634.29,16.6127,,"Manoir, Avenue du",0,0,BF-07,,0,0,N-0259,,VD-256,MN-4,LUDLOW,,0,86,5,480,129,./0.png
-71.7369553597616,46.6745412672135,277,351,N-0179,,VD-69,Actif,Eau potable,Borne d'incendie,210148.32,5171302.45,50,,"Kernan, Avenue",0,0,,,0,0,N-0179,,VD-69,AD-36,CONCORD,D-67-M PREMIER,2007,0,0,0,58,./0.png
-71.7351699691462,46.6845880466193,278,161,N-0150,,VD-3,Actif,Eau potable,Borne d'incendie,210316.1912,5172407.2179,62.089,,"Écureuils, Boulevard des",0,0,BF-0243,,0,0,N-0150,,VD-3,BE_3A,CONCORD,D-67-M PREMIER,2009,61,46,1140,198,./0.png
-71.7147147126232,46.6754304035149,279,126,N-0108,,VD-137,Actif,Eau potable,Borne d'incendie,211865.1888,5171364.9854,50.7582,,"Frenette, Rue",0,0,BF-0211,,0,0,N-0108,,VD-137,FR4_B,CONCORD,D-67-M PREMIER,2006,71,52,1210,11,./0.png
-71.7194133943351,46.6753547966548,280,69,N-1004,,VD-88,Actif,Eau potable,Borne d'incendie,211505.578,5171362.137,41.3067,,"Gaudreau, Boulevard",0,0,BF-0160,,0,0,N-1004,,VD-88,GA-7,DAIGLE,D-67,1971,77,44,1110,10,./0.png
-71.7132220535831,46.6726989629879,281,291,N-0078,,VD-236,Actif,Eau potable,Borne d'incendie,211974.71,5171059.62,24.6675,,"Léveillé, Rue",0,0,,,0,0,N-0078,,VD-236,AD-01,CONCORD,D-67-M PREMIER,2014,80,44,1150,198,./0.png
-71.7158231071855,46.6755270903033,282,125,N-0107,,VD-138,Actif,Eau potable,Borne d'incendie,211780.5551,5171377.0409,50.233,,"Frenette, Rue",0,0,BF-0210,,0,0,N-0107,,VD-138,FR4_A,CONCORD,D-67-M PREMIER,2006,68,56,1250,11,./0.png
-71.731757181101,46.6719487460933,283,200,N-0199,,VD-180,Actif,Eau potable,Borne d'incendie,210555.2729,5170998.2447,26.9333,,"Victorin, Boulevard",0,0,BF-028,,0,0,N-0199,,VD-180,VI-2,CANADA VALVE,,0,80,47,1150,58,./0.png
-71.7358120154741,46.6814685031963,284,23,N-0438,,VD-15,Actif,Eau potable,Borne d'incendie,210261.6366,5172061.2447,50,,"Mathieu, Avenue",0,0,BF-0119,,0,0,N-0438,,VD-15,MH-1,DAIGLE,,1967,0,0,0,240,./0.png
-71.7147887662188,46.6847432325877,285,201,N-0200,,VD-156,Actif,Eau potable,Borne d'incendie,211875.4924,5172400.2133,76.6297,,"Armand-Bombardier, Rue",0,0,BF-0280,,0,0,N-0200,,VD-156,AB-9,CONCORD,PREMIER,2012,32,28,900,124,./0.png
-71.7176077224527,46.6823741887582,286,104,N-0025,,VD-152,Actif,Eau potable,Borne d'incendie,211655.7884,5172140.2195,69.9314,,"Piché, Rue",0,0,BF-0192,,0,0,N-0025,,VD-152,PI-4,CONCORD,D-67-M PREMIER,2004,0,0,0,359,./0.png
-71.7305282064247,46.6837179234177,287,141,N-0126,,VD-6,Actif,Eau potable,Borne d'incendie,210669.7456,5172304.9426,68.3666,,"l'Aqueduc, Chemin de",0,0,BF-0225,,0,0,N-0126,,VD-6,BE-1,CONCORD,D-67-M PREMIER,2008,46,42,1050,236,./0.png
-71.7384168695831,46.6728364903606,288,276,N-0290,,VD-60,Actif,Eau potable,Borne d'incendie,210047.2812,5171104.9099,45.5836,,"Notre-Dame, Rue",0,0,BF-094,,0,0,N-0290,,VD-60,ND-2,CONCORD,D-67-M PREMIER,1994,78,58,1150,180,./0.png
-71.734529947054,46.6814900384157,289,20,N-0399,,VD-16,Actif,Eau potable,Borne d'incendie,210359.75,5172062.1,54.8923,,"Walsh, Avenue",0,0,BF-0116,,0,0,N-0399,,VD-16,WA-1,CANADA VALVE,,1971,64,14,650,244,./0.png
-71.736199611705,46.6739909078866,290,272,N-0284,,VD-68,Actif,Eau potable,Borne d'incendie,210218.33,5171225.11,49.8736,,"Kernan, Avenue",0,0,BF-090,,0,0,N-0284,,VD-68,KE-2,CONCORD,D-67-M PREMIER,2011,0,0,0,237,./0.png
-71.7202933337026,46.6844021226946,291,85,N-0301,,VD-161,Actif,Eau potable,Borne d'incendie,211453.8408,5172368.8089,74.3796,,"Armand-Bombardier, Rue",0,0,BF-0175,,0,0,N-0301,,VD-161,AB-4,CONCORD,PREMIER,2000,37,30,950,175,./0.png
-71.7216273602252,46.6784150702155,292,364,"2073",,PR-8,Actif,Eau potable,Borne d'incendie,211341.4714,5171704.9177,52.6424,,,0,0,,,0,0,,,PR-8,,CONCORD,D-67-M,2011,65,47,1150,309,./0.png
-71.7115769312196,46.6751221462807,293,59,N-0881,,VD-107,Actif,Eau potable,Borne d'incendie,212104.723,5171327.024,47.6886,,"Plateau, Avenue du",0,0,BF-0151,,0,0,N-0881,,VD-107,PL-4,DAIGLE,D-67,1991,68,54,1200,76,./0.png
-71.7195093927141,46.6836252455837,294,109,N-0080,,VD-155,Actif,Eau potable,Borne d'incendie,211512.4702,5172281.5283,72.9845,,"Piché, Rue",0,0,BF-0197,,0,0,N-0080,,VD-155,PI-1,CONCORD,D-67-M PREMIER,2004,0,0,0,87,./0.png
-71.7327729084096,46.6727023017349,295,189,N-0185,,VD-179,Actif,Eau potable,Borne d'incendie,210478.8691,5171083.2198,30,,"Victorin, Boulevard",0,0,BF-027,,0,0,N-0185,,VD-179,VI-1,CANADA VALVE,MUELLER CENTURY,2011,76,47,1150,57,./0.png
-71.7187789204712,46.6825212581628,296,106,N-0047,,VD-153,Actif,Eau potable,Borne d'incendie,211566.4484,5172157.9526,70.2158,,"Piché, Rue",0,0,BF-0194,,0,0,N-0047,,VD-153,PI-3,CONCORD,D-67-M PREMIER,2004,44,39,1000,21,./0.png
-71.7302373699711,46.6708615062788,297,206,N-0207,,VD-181,Actif,Eau potable,Borne d'incendie,210669.6683,5170875.5784,22.076,,"Victorin, Boulevard",0,0,BF-030,,0,0,N-0207,,VD-181,VI-3,CANADA VALVE,,1999,81,46,1140,58,./0.png
-71.7187733164117,46.6770560923991,298,95,N-0989,,VD-125,Actif,Eau potable,Borne d'incendie,211557.475,5171550.4814,51.9121,,"Germain, Avenue",0,0,BF-0184,,0,0,N-0989,,VD-125,GE-3,CANADA VALVE,,0,68,52,1200,11,./0.png
-71.7276148882714,46.6706695395609,299,374,"2081",,VD-299,Actif,Eau potable,Borne d'incendie,210869.99,5170851.11,20.5565,,,0,0,,,0,0,,,VD-299,NEW,FUTUR,,0,0,0,0,128,./0.png
-71.7031068880067,46.6752211141284,300,347,N-0933,,VD-100,Actif,Eau potable,Borne d'incendie,212752.91,5171328.09,57.5428,,"Cantin, Avenue",0,0,,,0,0,N-0933,,VD-100,AD-27,CONCORD,D-67-M PREMIER,2017,48,38,1030,100,./0.png
-71.7321838165401,46.6839566119923,301,140,N-0125,,VD-5,Actif,Eau potable,Borne d'incendie,210543.5149,5172333.4538,69.7343,,"Écureuils, Boulevard des",0,0,BF-0224,,0,0,N-0125,,VD-5,BE-2,CONCORD,D-67-M PREMIER,2009,49,40,1060,17,./0.png
-71.7340771868975,46.6842305938642,302,139,N-0124,,VD-4,Actif,Eau potable,Borne d'incendie,210399.1595,5172366.1756,65.329,,"Écureuils, Boulevard des",0,0,BF-0223,,0,0,N-0124,,VD-4,BE_3B,CONCORD,D-67-M PREMIER,2009,54,43,1100,17,./0.png
-71.7268074978214,46.6810898890489,303,131,N-0114,,PR-4,Actif,Eau potable,Borne d'incendie,210949.81,5172008.39,59.631,,"l'Église, Rue de",0,0,BF-0216,,0,0,N-0114,,PR-4,Privé-4,CONCORD,D-67M,2021,63,44,1110,189,./0.png
-71.7259562284041,46.6735306191542,304,137,N-0121,,VD-213,Actif,Eau potable,Borne d'incendie,211001.8502,5171167.1477,29.0263,,"Huot, Rue",0,0,BF-0221,,0,0,N-0121,,VD-213,MO1_B,CONCORD,D-67-M PREMIER,2007,80,48,1190,75,./0.png
-71.7414851704891,46.6734709504904,305,279,N-0293,,VD-290,Actif,Eau potable,Borne d'incendie,209813.6362,5171179.1274,45.8696,,"Notre-Dame, Rue",0,0,BF-097,,0,0,N-0293,,VD-290,JC-8,CANADA VALVE,,0,0,0,0,336,./0.png
-71.7288155899649,46.6794726694814,306,73,N-1053,,PR-6,Actif,Eau potable,Borne d'incendie,210793.3884,5171831.0279,54.5238,,"l'Église, Rue de",0,0,BF-0164,,0,0,N-1053,,PR-6,Privé-6,CANADA VALVE,,1992,70,11,550,223,./0.png
-71.7282201050059,46.681754703265,307,355,"2034",,VD-293,Actif,Eau potable,Borne d'incendie,210842.9,5172083.97,63,,Route 138,0,0,,,0,0,,,VD-293,138-1,CONCORD,D-67-M PREMIER,2014,52,40,1060,188,./0.png
-71.7292781155405,46.6816104241246,308,152,N-0139,,VD-8,Actif,Eau potable,Borne d'incendie,210761.7142,5172069.196,61.6124,,2e Rang,0,0,BF-0235,,0,0,N-0139,,VD-8,EG-7,CONCORD,D-67-M PREMIER,2011,52,34,1000,274,./0.png
-71.7121963061328,46.6714575908032,309,198,N-0197,,VD-243,Actif,Eau potable,Borne d'incendie,212051.0667,5170920.4306,20,,"Drolet, Rue",0,0,BF-0278,,0,0,N-0197,,VD-243,DO-1,CONCORD,D-67-M PREMIER,2011,76,44,1150,220,./0.png
-71.7234477700356,46.6809424453923,310,218,N-0221,,PR-3,Actif,Eau potable,Borne d'incendie,211206.5702,5171988.0027,64.1632,,Route 138,0,0,BF-041,,0,0,N-0221,,PR-3,Privé-3,CANADA VALVE,CLSC,1997,49,20,664,128,./0.png
-71.7282375744479,46.6785623303615,311,74,N-1065,,PR-7,Actif,Eau potable,Borne d'incendie,210836.0289,5171729.152,51.9769,,"l'Église, Rue de",0,0,BF-0165,,0,0,N-1065,,PR-7,Privé-7,CONCORD,D-67M,2000,72,11,550,178,./0.png
-71.7194475377411,46.6795378009215,312,115,N-0095,,PR-1,Actif,Eau potable,Borne d'incendie,211510.1658,5171827.1269,61.2774,,"Prés, Avenue des",0,0,BF-0201,,0,0,N-0095,,PR-1,Privé-1,CANADA VALVE,,2004,47,39,1075,349,./0.png
-71.7239443942789,46.6849314461364,313,362,"2072",,PR-11,Actif,Eau potable,Borne d'incendie,211175.471,5172431.979,74.533,,,0,0,,,0,0,,,PR-11,,CANADA VALVE,,2003,40,21,770,66,./0.png
-71.7227683246562,46.6805270201767,314,366,"2074",,PR-9,Actif,Eau potable,Borne d'incendie,211257.83,5171941.02,64.3744,,,0,0,,,0,0,,,PR-9,,CONCORD,O SOMMET,2011,0,0,0,197,./0.png
-71.7254624976822,46.6826159194203,315,368,"2075",,PR-10,Actif,Eau potable,Borne d'incendie,211055.3406,5172176.4094,64.4752,,,0,0,,,0,0,,,PR-10,,Mueller,Century,2016,56,21,770,94,./0.png
